-- MySQL dump 10.13  Distrib 5.7.17, for Win64 (x86_64)
--
-- Host: 127.0.0.1    Database: mis_inventory
-- ------------------------------------------------------
-- Server version	5.5.5-10.1.21-MariaDB

/*!40101 SET @OLD_CHARACTER_SET_CLIENT=@@CHARACTER_SET_CLIENT */;
/*!40101 SET @OLD_CHARACTER_SET_RESULTS=@@CHARACTER_SET_RESULTS */;
/*!40101 SET @OLD_COLLATION_CONNECTION=@@COLLATION_CONNECTION */;
/*!40101 SET NAMES utf8 */;
/*!40103 SET @OLD_TIME_ZONE=@@TIME_ZONE */;
/*!40103 SET TIME_ZONE='+00:00' */;
/*!40014 SET @OLD_UNIQUE_CHECKS=@@UNIQUE_CHECKS, UNIQUE_CHECKS=0 */;
/*!40014 SET @OLD_FOREIGN_KEY_CHECKS=@@FOREIGN_KEY_CHECKS, FOREIGN_KEY_CHECKS=0 */;
/*!40101 SET @OLD_SQL_MODE=@@SQL_MODE, SQL_MODE='NO_AUTO_VALUE_ON_ZERO' */;
/*!40111 SET @OLD_SQL_NOTES=@@SQL_NOTES, SQL_NOTES=0 */;

--
-- Table structure for table `category`
--

DROP TABLE IF EXISTS `category`;
/*!40101 SET @saved_cs_client     = @@character_set_client */;
/*!40101 SET character_set_client = utf8 */;
CREATE TABLE `category` (
  `cat_id` int(5) NOT NULL AUTO_INCREMENT,
  `cat_name` varchar(50) NOT NULL,
  PRIMARY KEY (`cat_id`)
) ENGINE=InnoDB AUTO_INCREMENT=11 DEFAULT CHARSET=utf8;
/*!40101 SET character_set_client = @saved_cs_client */;

--
-- Dumping data for table `category`
--

LOCK TABLES `category` WRITE;
/*!40000 ALTER TABLE `category` DISABLE KEYS */;
INSERT INTO `category` VALUES (4,'Accessories'),(5,'Thinclient'),(7,'Hardware'),(8,'Desktop'),(9,'Laptop');
/*!40000 ALTER TABLE `category` ENABLE KEYS */;
UNLOCK TABLES;

--
-- Table structure for table `cost_center`
--

DROP TABLE IF EXISTS `cost_center`;
/*!40101 SET @saved_cs_client     = @@character_set_client */;
/*!40101 SET character_set_client = utf8 */;
CREATE TABLE `cost_center` (
  `cost_center_id` bigint(10) NOT NULL AUTO_INCREMENT,
  `cost_center_uid` varchar(50) DEFAULT NULL,
  `cost_center` varchar(255) DEFAULT NULL,
  PRIMARY KEY (`cost_center_id`)
) ENGINE=InnoDB AUTO_INCREMENT=15 DEFAULT CHARSET=latin1;
/*!40101 SET character_set_client = @saved_cs_client */;

--
-- Dumping data for table `cost_center`
--

LOCK TABLES `cost_center` WRITE;
/*!40000 ALTER TABLE `cost_center` DISABLE KEYS */;
INSERT INTO `cost_center` VALUES (1,'ofN2pNZwgI','Finance'),(2,'u2C7gCNB4O','Project'),(3,'PG1axEMQso','MIS'),(4,'ZtINi0wpDu','HR'),(5,'0N5lZsFgKH','HSE'),(6,'1BuiAbcjgL','DRAFTER'),(7,'nHUaZLa4gd','ENGINEER'),(8,'eLWJRRDI28','SCM'),(9,'GjBrrwrI7r','QAQC'),(10,'nhceeHS7SO','YARD'),(11,'umeRZY2bcS','DESIGNER'),(12,'gbcGd2VBW4','PMGTWORK'),(13,'BjTfcbyLG4','PMGTSUP'),(14,'773kQZtaxT','PMPP');
/*!40000 ALTER TABLE `cost_center` ENABLE KEYS */;
UNLOCK TABLES;

--
-- Table structure for table `inventory`
--

DROP TABLE IF EXISTS `inventory`;
/*!40101 SET @saved_cs_client     = @@character_set_client */;
/*!40101 SET character_set_client = utf8 */;
CREATE TABLE `inventory` (
  `inventory_id` int(10) NOT NULL AUTO_INCREMENT,
  `item_id` int(5) NOT NULL,
  `inventory_quantity` int(10) NOT NULL,
  `alert_qtt` int(5) NOT NULL,
  `inventory_damage_qtt` int(5) NOT NULL DEFAULT '0',
  `inventory_added` date NOT NULL,
  `inventory_update` date NOT NULL,
  PRIMARY KEY (`inventory_id`)
) ENGINE=InnoDB AUTO_INCREMENT=300 DEFAULT CHARSET=utf8;
/*!40101 SET character_set_client = @saved_cs_client */;

--
-- Dumping data for table `inventory`
--

LOCK TABLES `inventory` WRITE;
/*!40000 ALTER TABLE `inventory` DISABLE KEYS */;
INSERT INTO `inventory` VALUES (1,140,0,0,0,'2017-04-11','2017-04-17'),(2,259,18,5,0,'2017-04-11','2018-05-21'),(3,189,3,0,0,'2017-04-11','2018-05-18'),(4,1,1,0,0,'2017-04-11','2017-04-11'),(5,2,1,0,0,'2017-04-11','2017-04-11'),(6,3,1,0,0,'2017-04-11','2017-04-11'),(7,4,1,0,0,'2017-04-11','2017-04-11'),(8,5,0,0,0,'2017-04-11','2018-03-21'),(9,6,1,0,0,'2017-04-11','2017-04-11'),(10,7,1,0,0,'2017-04-11','2017-04-11'),(11,8,1,0,0,'2017-04-11','2017-04-11'),(12,9,1,0,0,'2017-04-11','2017-04-11'),(13,10,1,0,0,'2017-04-11','2018-04-16'),(14,11,1,0,0,'2017-04-11','2017-04-11'),(15,12,1,0,0,'2017-04-11','2017-04-11'),(16,13,1,0,0,'2017-04-11','2017-04-11'),(17,14,1,0,0,'2017-04-11','2017-04-11'),(18,15,1,1,0,'2017-04-11','2017-06-09'),(19,16,1,1,0,'2017-04-11','2017-06-23'),(20,17,1,1,0,'2017-04-11','2018-03-19'),(21,18,1,0,0,'2017-04-11','2017-04-11'),(22,19,1,1,0,'2017-04-11','2017-04-30'),(23,20,1,0,0,'2017-04-11','2017-04-11'),(24,21,1,0,0,'2017-04-11','2017-04-11'),(25,22,0,0,0,'2017-04-11','2018-04-27'),(26,23,1,1,0,'2017-04-11','2017-10-30'),(27,24,1,1,0,'2017-04-11','2017-07-18'),(28,25,1,0,0,'2017-04-11','2017-04-11'),(29,26,1,1,0,'2017-04-11','2017-10-23'),(30,27,1,1,0,'2017-04-11','2017-04-22'),(31,28,1,1,0,'2017-04-11','2017-05-20'),(32,29,1,0,0,'2017-04-11','2017-04-11'),(33,30,1,0,0,'2017-04-11','2017-04-11'),(34,31,0,1,0,'2017-04-11','2018-01-03'),(35,32,1,0,0,'2017-04-11','2017-04-11'),(36,33,1,0,0,'2017-04-11','2017-04-11'),(37,34,1,0,0,'2017-04-11','2017-04-11'),(38,35,1,1,0,'2017-04-11','2017-08-31'),(39,36,1,0,0,'2017-04-11','2017-04-11'),(40,37,1,0,0,'2017-04-11','2017-04-11'),(41,38,1,0,0,'2017-04-11','2017-04-11'),(42,39,3,1,0,'2017-04-11','2018-01-03'),(43,40,0,0,0,'2017-04-11','2018-03-19'),(44,41,1,0,0,'2017-04-11','2017-04-11'),(45,42,1,0,0,'2017-04-11','2017-04-11'),(46,43,1,1,0,'2017-04-11','2018-03-12'),(47,44,1,0,0,'2017-04-11','2017-04-11'),(48,45,1,1,0,'2017-04-11','2017-07-06'),(49,46,1,0,0,'2017-04-11','2017-04-11'),(50,47,1,0,0,'2017-04-11','2017-04-11'),(51,48,1,1,0,'2017-04-11','2017-12-01'),(52,49,1,1,0,'2017-04-11','2018-03-19'),(53,50,1,0,0,'2017-04-11','2017-04-11'),(54,51,1,1,0,'2017-04-11','2017-06-15'),(55,52,1,0,0,'2017-04-11','2017-04-11'),(56,53,0,0,0,'2017-04-11','2018-03-19'),(57,54,0,0,0,'2017-04-11','2018-05-03'),(58,55,1,1,0,'2017-04-11','2017-07-23'),(59,56,1,0,0,'2017-04-11','2017-04-11'),(60,57,1,1,0,'2017-04-11','2017-07-29'),(61,58,1,1,0,'2017-04-11','2017-11-21'),(62,59,1,1,0,'2017-04-11','2017-07-18'),(63,60,0,0,0,'2017-04-11','2018-03-23'),(64,61,0,0,0,'2017-04-11','2018-03-19'),(65,62,1,0,0,'2017-04-11','2017-04-11'),(66,63,1,1,0,'2017-04-11','2017-06-12'),(67,64,0,0,0,'2017-04-11','2018-03-21'),(68,276,2,1,0,'2017-09-29','2017-09-29'),(69,66,0,0,0,'2017-04-11','2018-03-24'),(70,67,1,0,0,'2017-04-11','2017-04-11'),(71,68,0,0,0,'2017-04-11','2018-03-21'),(72,69,1,0,0,'2017-04-11','2017-04-11'),(73,70,0,0,0,'2017-04-11','2018-03-21'),(74,71,1,0,0,'2017-04-11','2017-04-11'),(75,72,1,0,0,'2017-04-11','2017-04-11'),(76,73,1,0,0,'2017-04-11','2017-04-11'),(77,74,1,0,0,'2017-04-11','2017-04-11'),(78,75,1,0,0,'2017-04-11','2017-04-11'),(79,76,1,1,0,'2017-04-11','2017-07-23'),(80,77,1,0,0,'2017-04-11','2017-04-11'),(81,78,3,0,0,'2017-04-11','2018-05-18'),(82,79,0,0,0,'2017-04-11','2018-03-19'),(83,80,0,0,0,'2017-04-11','2018-03-19'),(84,81,2,1,0,'2017-04-11','2017-11-07'),(85,82,0,0,0,'2017-04-11','2018-03-19'),(86,83,0,0,0,'2017-04-11','2018-03-19'),(87,84,0,0,0,'2017-04-11','2018-03-19'),(88,85,0,0,0,'2017-04-11','2018-03-23'),(89,86,1,0,0,'2017-04-11','2017-04-11'),(90,87,0,0,0,'2017-04-11','2018-03-23'),(91,88,1,0,0,'2017-04-11','2017-04-11'),(92,89,1,1,0,'2017-04-11','2018-03-01'),(93,90,1,1,0,'2017-04-11','2018-03-01'),(94,91,1,0,0,'2017-04-11','2017-04-11'),(95,92,1,1,0,'2017-04-11','2017-06-02'),(96,93,1,0,0,'2017-04-11','2017-04-11'),(97,94,3,1,0,'2017-04-11','2017-12-01'),(98,95,1,0,0,'2017-04-11','2017-04-11'),(99,96,0,0,0,'2017-04-11','2018-05-03'),(100,97,0,0,0,'2017-04-11','2018-04-13'),(101,98,1,0,0,'2017-04-11','2017-04-11'),(102,99,0,0,0,'2017-04-11','2018-05-03'),(103,100,2,1,0,'2017-04-11','2017-10-31'),(104,101,1,1,0,'2017-04-11','2017-11-29'),(105,102,1,0,0,'2017-04-11','2017-04-11'),(106,103,1,0,0,'2017-04-11','2017-04-11'),(107,104,3,0,0,'2017-04-11','2018-05-03'),(108,105,1,0,0,'2017-04-11','2017-04-11'),(109,106,2,1,0,'2017-04-11','2018-03-31'),(110,107,1,0,0,'2017-04-11','2017-04-11'),(111,108,1,0,0,'2017-04-11','2017-04-11'),(112,109,1,0,0,'2017-04-11','2017-04-11'),(113,110,1,0,0,'2017-04-11','2017-04-11'),(114,111,1,0,0,'2017-04-11','2017-04-11'),(115,112,1,1,0,'2017-04-11','2017-12-14'),(116,113,1,0,0,'2017-04-11','2017-04-11'),(117,114,1,0,0,'2017-04-11','2017-04-11'),(118,115,1,0,0,'2017-04-11','2017-04-11'),(119,116,0,0,0,'2017-04-11','2018-03-19'),(120,117,1,0,0,'2017-04-11','2017-04-11'),(121,118,1,0,0,'2017-04-11','2017-04-11'),(122,119,1,1,0,'2017-04-11','2017-10-08'),(123,120,1,1,0,'2017-04-11','2017-10-11'),(124,121,1,0,0,'2017-04-11','2017-04-11'),(125,122,1,0,0,'2017-04-11','2017-04-11'),(126,123,1,0,0,'2017-04-11','2017-04-11'),(127,124,1,0,0,'2017-04-11','2017-04-11'),(128,125,1,0,0,'2017-04-11','2017-04-11'),(129,126,1,0,0,'2017-04-11','2017-04-11'),(130,127,1,0,0,'2017-04-11','2017-04-11'),(131,128,1,0,0,'2017-04-11','2017-04-11'),(132,129,1,0,0,'2017-04-11','2017-04-11'),(133,130,1,0,0,'2017-04-11','2017-04-11'),(134,131,1,0,0,'2017-04-11','2017-04-11'),(135,132,2,1,0,'2017-04-11','2018-05-02'),(136,133,0,0,0,'2017-04-11','2018-05-04'),(137,134,2,1,0,'2017-04-11','2017-12-01'),(138,135,1,0,0,'2017-04-11','2017-04-11'),(139,136,1,0,0,'2017-04-11','2017-04-11'),(140,137,1,0,0,'2017-04-11','2017-04-11'),(141,138,1,0,0,'2017-04-11','2017-04-11'),(142,139,1,0,0,'2017-04-11','2017-04-11'),(143,141,1,1,0,'2017-04-11','2017-12-27'),(144,142,1,1,0,'2017-04-11','2018-03-26'),(145,143,2,1,0,'2017-04-11','2018-04-27'),(146,144,2,1,0,'2017-04-11','2017-10-12'),(147,145,1,0,0,'2017-04-11','2017-04-11'),(148,146,1,0,0,'2017-04-11','2017-04-11'),(149,147,1,0,0,'2017-04-11','2017-04-11'),(150,148,1,0,0,'2017-04-11','2017-04-11'),(151,149,0,0,0,'2017-04-11','2018-03-23'),(152,150,1,0,0,'2017-04-11','2017-04-11'),(153,151,1,0,0,'2017-04-11','2017-04-11'),(154,152,1,0,0,'2017-04-11','2017-04-11'),(155,153,1,0,0,'2017-04-11','2017-04-11'),(156,154,1,0,0,'2017-04-11','2018-03-01'),(157,155,1,0,0,'2017-04-11','2017-04-11'),(158,156,0,0,0,'2017-04-11','2018-03-19'),(159,157,1,0,0,'2017-04-11','2017-04-11'),(160,158,1,0,0,'2017-04-11','2017-04-11'),(161,159,1,1,0,'2017-04-11','2017-07-14'),(162,160,2,1,0,'2017-04-11','2017-10-26'),(163,161,1,0,0,'2017-04-11','2017-04-11'),(164,162,1,0,0,'2017-04-11','2017-04-11'),(165,163,1,0,0,'2017-04-11','2018-05-18'),(166,164,1,0,0,'2017-04-11','2017-04-11'),(167,165,1,0,0,'2017-04-11','2017-04-11'),(168,166,1,0,0,'2017-04-11','2017-04-11'),(169,167,1,1,0,'2017-04-11','2018-01-05'),(170,168,4,1,0,'2017-04-11','2018-04-26'),(171,169,1,0,0,'2017-04-11','2017-04-11'),(172,170,2,1,0,'2017-04-11','2017-10-08'),(173,171,1,0,0,'2017-04-11','2017-04-11'),(174,172,2,1,0,'2017-04-11','2018-05-15'),(175,173,1,0,0,'2017-04-11','2017-04-11'),(176,174,1,0,0,'2017-04-11','2017-12-01'),(177,175,1,0,0,'2017-04-11','2017-04-11'),(178,176,1,0,0,'2017-04-11','2017-04-11'),(179,177,2,1,0,'2017-04-11','2017-06-02'),(180,178,1,0,0,'2017-04-11','2018-03-27'),(181,179,2,0,0,'2017-04-11','2017-04-17'),(182,180,1,0,0,'2017-04-11','2017-04-11'),(183,181,1,0,0,'2017-04-11','2017-04-11'),(184,182,1,1,0,'2017-04-11','2018-04-26'),(185,183,1,0,0,'2017-04-11','2017-04-11'),(186,184,1,0,0,'2017-04-11','2017-04-11'),(187,185,1,0,0,'2017-04-11','2017-04-11'),(188,186,1,0,0,'2017-04-11','2017-04-11'),(189,187,1,1,0,'2017-04-11','2017-09-19'),(190,188,1,0,0,'2017-04-11','2017-04-11'),(191,190,1,1,0,'2017-04-11','2017-07-19'),(192,191,1,0,0,'2017-04-11','2017-04-11'),(193,192,1,0,0,'2017-04-11','2017-04-11'),(194,193,1,1,0,'2017-04-11','2017-10-08'),(195,194,0,1,0,'2017-04-11','2017-09-19'),(196,195,1,1,0,'2017-04-11','2018-01-16'),(197,196,1,0,0,'2017-04-11','2017-04-11'),(198,197,1,0,0,'2017-04-11','2017-04-11'),(199,198,1,1,0,'2017-04-11','2018-04-24'),(200,199,2,1,0,'2017-04-11','2018-01-04'),(201,200,2,1,0,'2017-04-11','2018-04-26'),(202,201,1,0,0,'2017-04-11','2017-04-11'),(203,202,1,0,0,'2017-04-11','2017-04-11'),(204,203,0,0,0,'2017-04-11','2018-04-06'),(205,204,1,1,0,'2017-04-11','2017-08-31'),(206,205,1,0,0,'2017-04-11','2017-04-11'),(207,206,1,1,0,'2017-04-11','2017-07-23'),(208,207,1,0,0,'2017-04-11','2017-04-11'),(209,208,1,1,0,'2017-04-11','2017-11-22'),(210,209,1,0,0,'2017-04-11','2017-04-11'),(211,210,1,1,0,'2017-04-11','2017-06-23'),(212,211,1,1,0,'2017-04-11','2017-04-28'),(213,212,1,0,0,'2017-04-11','2018-05-18'),(214,213,1,1,0,'2017-04-11','2017-06-21'),(215,214,1,0,0,'2017-04-11','2017-04-11'),(216,215,0,0,0,'2017-04-11','2018-03-24'),(217,216,2,1,0,'2017-04-11','2018-05-22'),(218,217,1,0,0,'2017-04-11','2017-04-11'),(219,218,1,0,0,'2017-04-11','2017-04-11'),(220,219,1,0,0,'2017-04-11','2017-04-11'),(221,220,1,1,0,'2017-04-11','2017-06-09'),(222,221,1,1,0,'2017-04-11','2018-03-22'),(223,222,1,1,0,'2017-04-11','2017-06-15'),(224,223,1,0,0,'2017-04-11','2017-04-11'),(225,224,1,0,0,'2017-04-11','2017-04-11'),(226,225,1,0,0,'2017-04-11','2017-04-11'),(227,226,1,0,0,'2017-04-11','2017-04-11'),(228,227,1,0,0,'2017-04-11','2017-04-11'),(229,228,1,0,0,'2017-04-11','2017-04-11'),(230,229,1,0,0,'2017-04-11','2017-04-11'),(231,230,1,0,0,'2017-04-11','2017-04-11'),(232,231,1,0,0,'2017-04-11','2017-04-11'),(233,232,1,0,0,'2017-04-11','2017-04-11'),(234,233,1,0,0,'2017-04-11','2017-04-11'),(260,261,18,1,0,'2017-04-13','2018-05-22'),(262,260,21,5,0,'2018-03-31','2018-03-31'),(263,263,6,2,0,'2017-04-22','2018-05-03'),(264,264,3,2,0,'2017-04-22','2018-04-16'),(265,265,0,1,0,'2017-04-29','2017-06-02'),(266,266,0,1,0,'2017-08-16','2018-03-23'),(267,267,0,2,0,'2017-08-23','2018-05-09'),(268,268,1,1,0,'2017-08-23','2017-08-23'),(269,269,1,1,0,'2017-08-24','2017-08-31'),(270,270,1,1,0,'2017-08-28','2017-08-31'),(271,271,0,1,0,'2017-08-31','2018-04-06'),(272,272,0,1,0,'2017-09-11','2017-09-11'),(273,273,0,1,0,'2017-09-22','2017-09-22'),(274,274,1,1,0,'2017-09-29','2017-09-29'),(275,275,1,1,0,'2017-09-29','2017-09-29'),(276,276,2,1,0,'2017-09-29','2017-09-29'),(277,260,26,5,0,'2018-03-31','2018-03-31'),(278,65,0,1,0,'2017-09-29','2017-09-29'),(279,278,0,1,0,'2017-10-08','2017-10-08'),(280,279,0,1,0,'2017-10-12','2018-01-03'),(281,260,22,5,0,'2018-03-31','2018-03-31'),(282,281,0,1,0,'2017-10-23','2017-10-23'),(283,282,0,1,0,'2017-10-23','2017-10-23'),(284,283,0,1,0,'2017-10-31','2017-10-31'),(285,284,0,1,0,'2017-11-21','2018-04-23'),(286,285,0,1,0,'2017-12-01','2017-12-01'),(287,286,0,1,0,'2017-12-01','2017-12-01'),(288,287,0,1,0,'2017-12-14','2017-12-14'),(289,288,0,0,0,'2017-12-22','2017-12-22'),(290,289,16,5,0,'2017-12-27','2018-05-22'),(291,290,0,1,0,'2018-01-05','2018-05-09'),(292,291,1,1,0,'2018-03-01','2018-03-01'),(293,292,0,1,0,'2018-03-01','2018-03-19'),(294,294,1,0,0,'2018-03-21','2018-03-23'),(295,295,0,0,0,'2018-03-21','2018-05-03'),(296,296,0,0,0,'2018-03-21','2018-03-21'),(297,297,0,0,0,'2018-03-23','2018-03-23'),(298,298,0,1,0,'2018-03-27','2018-03-27'),(299,260,20,5,0,'2018-03-31','2018-03-31');
/*!40000 ALTER TABLE `inventory` ENABLE KEYS */;
UNLOCK TABLES;

--
-- Table structure for table `invoice_out`
--

DROP TABLE IF EXISTS `invoice_out`;
/*!40101 SET @saved_cs_client     = @@character_set_client */;
/*!40101 SET character_set_client = utf8 */;
CREATE TABLE `invoice_out` (
  `invoice_id` int(5) NOT NULL AUTO_INCREMENT,
  `warehouse_id` int(5) NOT NULL,
  `taken_by_uid` varchar(50) COLLATE utf8_unicode_ci DEFAULT NULL,
  `cost_center_uid` varchar(50) COLLATE utf8_unicode_ci DEFAULT NULL,
  `project_uid` varchar(50) COLLATE utf8_unicode_ci DEFAULT NULL,
  `item_ids` varchar(100) CHARACTER SET latin1 NOT NULL,
  `quantities` varchar(200) COLLATE utf8_unicode_ci NOT NULL,
  `unit_prices` varchar(200) COLLATE utf8_unicode_ci NOT NULL,
  `total_price` varchar(10) COLLATE utf8_unicode_ci NOT NULL,
  `date` date NOT NULL,
  `actual_date` date DEFAULT NULL,
  `user_id` int(5) NOT NULL,
  `note` text COLLATE utf8_unicode_ci NOT NULL,
  PRIMARY KEY (`invoice_id`)
) ENGINE=InnoDB DEFAULT CHARSET=utf8 COLLATE=utf8_unicode_ci;
/*!40101 SET character_set_client = @saved_cs_client */;

--
-- Dumping data for table `invoice_out`
--

LOCK TABLES `invoice_out` WRITE;
/*!40000 ALTER TABLE `invoice_out` DISABLE KEYS */;
/*!40000 ALTER TABLE `invoice_out` ENABLE KEYS */;
UNLOCK TABLES;

--
-- Table structure for table `invoice_out_details`
--

DROP TABLE IF EXISTS `invoice_out_details`;
/*!40101 SET @saved_cs_client     = @@character_set_client */;
/*!40101 SET character_set_client = utf8 */;
CREATE TABLE `invoice_out_details` (
  `invoice_out_details_id` int(11) NOT NULL AUTO_INCREMENT,
  `invoice_out_id` bigint(100) DEFAULT NULL,
  `item_id` bigint(100) DEFAULT NULL,
  `quantities` bigint(100) DEFAULT NULL,
  `invoice_date` date DEFAULT NULL,
  PRIMARY KEY (`invoice_out_details_id`)
) ENGINE=InnoDB DEFAULT CHARSET=latin1;
/*!40101 SET character_set_client = @saved_cs_client */;

--
-- Dumping data for table `invoice_out_details`
--

LOCK TABLES `invoice_out_details` WRITE;
/*!40000 ALTER TABLE `invoice_out_details` DISABLE KEYS */;
/*!40000 ALTER TABLE `invoice_out_details` ENABLE KEYS */;
UNLOCK TABLES;

--
-- Table structure for table `invoice_purchase`
--

DROP TABLE IF EXISTS `invoice_purchase`;
/*!40101 SET @saved_cs_client     = @@character_set_client */;
/*!40101 SET character_set_client = utf8 */;
CREATE TABLE `invoice_purchase` (
  `invoice_id` int(5) NOT NULL AUTO_INCREMENT,
  `supplier_id` int(5) NOT NULL,
  `item_ids` varchar(100) CHARACTER SET latin1 NOT NULL,
  `quantities` varchar(200) COLLATE utf8_unicode_ci NOT NULL,
  `unit_prices` varchar(200) COLLATE utf8_unicode_ci NOT NULL,
  `total_price` varchar(10) COLLATE utf8_unicode_ci NOT NULL,
  `date` date NOT NULL,
  `actual_date` date DEFAULT NULL,
  `user_id` int(5) NOT NULL,
  `note` text COLLATE utf8_unicode_ci NOT NULL,
  PRIMARY KEY (`invoice_id`)
) ENGINE=InnoDB AUTO_INCREMENT=157 DEFAULT CHARSET=utf8 COLLATE=utf8_unicode_ci;
/*!40101 SET character_set_client = @saved_cs_client */;

--
-- Dumping data for table `invoice_purchase`
--

LOCK TABLES `invoice_purchase` WRITE;
/*!40000 ALTER TABLE `invoice_purchase` DISABLE KEYS */;
INSERT INTO `invoice_purchase` VALUES (1,1,'140','1','','','2017-04-11','2017-04-11',1,''),(2,4,'259','10','','','2017-04-11','2017-04-11',1,''),(3,4,'189','1','','','2017-04-11','2017-04-11',1,''),(4,4,'261,260,262','30,30,30','','','2017-04-13','2017-04-11',4,''),(5,4,'262','15','','','2017-04-13','2017-04-13',4,''),(6,4,'189','1','','','2017-04-17','2017-04-17',4,''),(7,4,'189','1','','','2017-04-17','2017-04-17',4,''),(8,4,'174','1','','','2017-04-17','2017-04-17',4,''),(9,4,'179','1','','','2017-04-17','2017-04-17',4,''),(10,4,'27','1','','','2017-04-25','2017-04-25',4,''),(11,4,'263','15','','','2017-04-22','2017-04-25',4,''),(12,4,'264','5','','','2017-04-22','2017-04-26',4,''),(13,4,'211','1','','','2017-04-28','2017-05-03',4,''),(14,4,'172','1','','','2017-04-29','2017-05-04',4,''),(15,4,'265','1','','','2017-04-29','2017-05-04',4,''),(16,4,'19','1','','','2017-04-30','2017-05-05',4,''),(17,4,'28','1','','','2017-05-20','2017-05-20',4,''),(18,4,'92','1','','','2017-05-23','2017-05-23',4,''),(19,4,'170','1','','','2017-05-26','2017-05-26',4,''),(20,4,'132','1','','','2017-05-26','2017-05-26',4,''),(21,4,'177','1','','','2017-05-30','2017-05-30',4,''),(22,4,'199','1','','','2017-06-02','2017-06-02',4,''),(23,4,'177','1','','','2017-06-02','2017-05-31',4,''),(24,4,'92','1','','','2017-06-02','2017-05-29',4,''),(25,4,'26','1','','','2017-06-06','2017-06-06',4,''),(26,4,'220','1','','','2017-06-09','2017-06-09',4,''),(27,4,'15','1','','','2017-06-09','2017-06-09',4,''),(28,4,'63','1','','','2017-06-12','2017-06-12',4,''),(29,4,'222','1','','','2017-06-15','2017-06-14',4,''),(30,4,'51','1','','','2017-06-15','2017-06-15',4,''),(31,4,'213','1','','','2017-06-21','2017-06-21',4,''),(32,4,'16','1','','','2017-06-23','2017-06-22',4,''),(33,4,'210','1','','','2017-06-23','2017-06-22',4,''),(34,4,'45','1','','','2017-07-06','2017-07-11',4,''),(35,4,'259','15','','','2017-07-06','2017-07-06',4,''),(36,4,'167','1','','','2017-07-14','2017-07-14',4,''),(37,4,'204','1','','','2017-07-14','2017-07-14',4,''),(38,4,'159','1','','','2017-07-14','2017-07-14',4,''),(39,4,'59','1','','','2017-07-18','2017-07-18',4,''),(40,4,'24','1','','','2017-07-18','2017-07-18',4,''),(41,4,'17','1','','','2017-07-19','2017-07-19',4,''),(42,4,'190','1','','','2017-07-19','2017-07-18',4,''),(43,4,'106','1','','','2017-07-21','2017-07-27',4,''),(44,4,'76,160','1,1','','','2017-07-23','2017-07-29',4,''),(45,4,'182','1','','','2017-07-23','2017-07-29',4,''),(46,4,'200,106,206','1,1,1','','','2017-07-23','2017-07-29',4,''),(47,4,'55','1','','','2017-07-23','2017-07-29',4,''),(48,4,'57','1','','','2017-07-29','2017-08-18',4,''),(49,4,'81','1','','','2017-07-30','2017-08-05',4,''),(50,4,'266','1','','','2017-08-16','2017-08-16',4,''),(51,4,'267','20','','','2017-08-23','2017-08-22',4,''),(52,4,'259','20','','','2017-08-23','2017-08-22',4,''),(53,4,'261','20','','','2017-08-23','2017-08-22',4,''),(54,4,'268','1','','','2017-08-23','2017-08-22',4,''),(55,4,'268','1','','','2017-08-23','2017-08-22',4,''),(56,4,'269','1','','','2017-08-24','2017-08-23',4,''),(57,4,'270','1','','','2017-08-28','2017-08-28',4,''),(58,4,'35','1','','','2017-08-31','2017-08-31',4,''),(59,4,'264','5','','','2017-08-31','2017-08-31',4,''),(60,4,'270','1','','','2017-08-31','2017-08-31',4,''),(61,4,'271','1','','','2017-08-31','2017-08-29',4,''),(62,4,'204','1','','','2017-08-31','2017-08-31',4,''),(63,4,'272','1','','','2017-09-11','2017-09-20',4,''),(64,4,'187','1','','','2017-09-19','2017-09-18',4,''),(65,4,'194','1','','','2017-09-19','2017-09-19',4,''),(66,4,'273','1','','','2017-09-22','2017-09-20',4,''),(67,4,'17','1','','','2017-09-22','2017-09-22',4,''),(68,4,'170','1','','','2017-09-28','2017-09-28',4,''),(69,4,'65','1','','','2017-09-29','2017-08-29',4,''),(70,4,'274','1','','','2017-09-29','2017-09-29',4,''),(71,4,'275','1','','','2017-09-29','2017-09-29',4,''),(72,4,'274,275,276,65','1,1,1,1','','','2017-09-29','2017-09-29',4,''),(73,4,'277','10','','','2017-09-29','2017-09-29',4,''),(74,4,'65','1','','','2017-09-29','2017-09-29',4,''),(75,4,'278','1','','','2017-10-08','2017-10-07',4,''),(76,4,'170','1','','','2017-10-08','2017-10-07',4,''),(77,4,'193','1','','','2017-10-08','2017-10-07',4,''),(78,4,'48','3','','','2017-10-08','2017-10-07',4,''),(79,4,'94','1','','','2017-10-08','2017-10-07',4,''),(80,4,'94','4','','','2017-10-08','2017-10-07',4,''),(81,4,'119','1','','','2017-10-08','2017-10-07',4,''),(82,4,'144','1','','','2017-10-09','2017-10-09',4,''),(83,4,'120','1','','','2017-10-10','2017-10-10',4,''),(84,4,'144','1','','','2017-10-12','2017-10-09',4,''),(85,4,'279','5','','','2017-10-12','2017-10-09',4,''),(86,4,'280','10','','','2017-10-12','2017-10-12',4,''),(87,4,'26','1','','','2017-10-23','2017-10-14',4,''),(88,4,'168','1','','','2017-10-23','2017-10-16',4,''),(89,4,'281,282','1,1','','','2017-10-23','2017-10-16',4,''),(90,4,'160','1','','','2017-10-26','2017-10-25',4,''),(91,4,'23','1','','','2017-10-30','2017-10-30',4,''),(92,4,'112','1','','','2017-10-31','2017-10-31',4,''),(93,4,'100','1','','','2017-10-31','2017-10-31',4,''),(94,4,'259','5','','','2017-10-31','2017-10-31',4,''),(95,4,'283','1','','','2017-10-31','2017-10-31',4,''),(96,4,'267','3','','','2017-10-31','2017-10-31',4,''),(97,4,'81','1','','','2017-11-07','2017-11-07',4,''),(98,4,'58,143','1,1','','','2017-11-21','2017-11-21',4,''),(99,4,'284','1','','','2017-11-21','2017-11-21',4,''),(100,4,'208','1','','','2017-11-22','2017-11-22',4,''),(101,4,'101','1','','','2017-11-29','2017-11-27',4,''),(102,4,'267','10','','','2017-11-29','2017-11-27',4,''),(103,4,'277','7','','','2017-11-29','2017-11-27',4,''),(104,4,'134','1','','','2017-11-30','2017-11-28',4,''),(105,4,'134','1','','','2017-12-01','2017-11-28',4,''),(106,4,'285','1','','','2017-12-01','2017-12-25',4,''),(107,4,'48','1','','','2017-12-01','2017-12-25',4,''),(108,4,'94','1','','','2017-12-01','2017-12-25',4,''),(109,4,'286','2','','','2017-12-01','2017-12-25',4,''),(110,4,'174','1','','','2017-12-01','2017-09-06',4,''),(111,4,'39','1','','','2017-12-12','2017-12-12',4,''),(112,4,'287','1','','','2017-12-14','2017-12-14',4,''),(113,4,'288','2','','','2017-12-22','2017-12-22',4,''),(114,4,'289','10','','','2017-12-27','2017-12-26',4,''),(115,4,'141','1','','','2017-12-27','2017-12-27',4,''),(116,4,'289','8','','','2017-12-27','2017-12-27',4,''),(117,4,'199','1','','','2017-12-27','2017-12-26',4,''),(118,4,'142','1','','','2018-01-03','2018-01-03',4,''),(119,4,'31','1','','','2018-01-03','2018-01-03',4,''),(120,4,'280','4','','','2018-01-03','2018-01-03',4,''),(121,4,'39','1','','','2018-01-03','2018-01-03',4,''),(122,4,'279','1','','','2018-01-03','2018-01-03',4,''),(123,4,'39','1','','','2018-01-03','2018-01-03',4,''),(124,4,'39','1','','','2018-01-03','2018-01-03',4,''),(125,4,'143','1','','','2018-01-03','2018-01-03',4,''),(126,4,'199','1','','','2018-01-04','2018-01-04',4,''),(127,4,'167','1','','','2018-01-04','2018-01-03',4,''),(128,4,'290','1','','','2018-01-05','2018-01-04',4,''),(129,4,'198,195','1,1','','','2018-01-16','2018-01-16',4,''),(130,4,'221','1','','','2018-03-01','2018-03-24',5,''),(131,4,'90','1','','','2018-03-01','2018-02-26',5,''),(132,4,'89','1','','','2018-03-01','2018-01-18',5,''),(133,4,'142','1','','','2018-03-01','2018-01-22',5,''),(134,4,'291','1','','','2018-03-01','2018-01-18',5,''),(135,4,'292','1','','','2018-03-01','2018-02-07',5,''),(136,4,'43','1','','','2018-03-12','2018-03-12',4,''),(137,4,'49','1','','','2018-03-19','2018-03-19',1,''),(138,4,'267','1','','','2018-03-19','2018-03-19',1,''),(139,4,'267','1','','','2018-03-19','2018-03-19',1,''),(140,4,'261','5','','','2018-03-19','2018-03-19',1,''),(141,4,'267','10','','','2018-03-19','2018-03-19',1,''),(142,4,'277','5','','','2018-03-19','2018-03-19',1,''),(143,4,'289,277,262','20,20,20','','','2018-03-19','2018-03-19',1,''),(144,4,'263','10','','','2018-03-19','2018-03-19',1,''),(145,4,'280','5','','','2018-03-19','2018-03-19',1,''),(146,4,'294','1','','','2018-03-21','2018-03-21',1,''),(147,4,'295','1','','','2018-03-21','2018-03-21',1,''),(148,4,'296','1','','','2018-03-21','2018-02-22',1,''),(149,4,'294','1','','','2018-03-22','2018-03-22',1,''),(150,4,'297','1','','','2018-03-23','2018-03-23',1,''),(151,4,'298','1','','','2018-03-27','2018-03-27',4,''),(152,4,'261','20','','','2018-03-31','2018-03-21',1,''),(153,4,'289,259,260,262,277,280','20,20,20,20,20,20','','','2018-03-31','2018-03-21',1,''),(154,4,'271','1','','','2018-04-06','2018-04-06',4,''),(155,4,'198','1','','','2018-04-24','2018-04-24',6,''),(156,4,'','4','','','2018-05-22','2018-05-22',1,'111');
/*!40000 ALTER TABLE `invoice_purchase` ENABLE KEYS */;
UNLOCK TABLES;

--
-- Table structure for table `invoice_purchase_details`
--

DROP TABLE IF EXISTS `invoice_purchase_details`;
/*!40101 SET @saved_cs_client     = @@character_set_client */;
/*!40101 SET character_set_client = utf8 */;
CREATE TABLE `invoice_purchase_details` (
  `invoice_purchase_details_id` int(11) NOT NULL AUTO_INCREMENT,
  `invoice_purchase_id` bigint(100) DEFAULT NULL,
  `item_id` bigint(100) DEFAULT NULL,
  `quantities` bigint(100) DEFAULT NULL,
  `invoice_date` date DEFAULT NULL,
  PRIMARY KEY (`invoice_purchase_details_id`)
) ENGINE=InnoDB AUTO_INCREMENT=176 DEFAULT CHARSET=latin1;
/*!40101 SET character_set_client = @saved_cs_client */;

--
-- Dumping data for table `invoice_purchase_details`
--

LOCK TABLES `invoice_purchase_details` WRITE;
/*!40000 ALTER TABLE `invoice_purchase_details` DISABLE KEYS */;
INSERT INTO `invoice_purchase_details` VALUES (1,1,140,1,'2017-04-11'),(2,2,259,10,'2017-04-11'),(3,3,189,1,'2017-04-11'),(4,4,261,30,'2017-04-11'),(5,4,260,30,'2017-04-11'),(6,4,262,30,'2017-04-11'),(7,5,262,15,'2017-04-13'),(8,6,189,1,'2017-04-17'),(9,7,189,1,'2017-04-17'),(10,8,174,1,'2017-04-17'),(11,9,179,1,'2017-04-17'),(12,10,27,1,'2017-04-25'),(13,11,263,15,'2017-04-25'),(14,12,264,5,'2017-04-26'),(15,13,211,1,'2017-05-03'),(16,14,172,1,'2017-05-04'),(17,15,265,1,'2017-05-04'),(18,16,19,1,'2017-05-05'),(19,17,28,1,'2017-05-20'),(20,18,92,1,'2017-05-23'),(21,19,170,1,'2017-05-26'),(22,20,132,1,'2017-05-26'),(23,21,177,1,'2017-05-30'),(24,22,199,1,'2017-06-02'),(25,23,177,1,'2017-05-31'),(26,24,92,1,'2017-05-29'),(27,25,26,1,'2017-06-06'),(28,26,220,1,'2017-06-09'),(29,27,15,1,'2017-06-09'),(30,28,63,1,'2017-06-12'),(31,29,222,1,'2017-06-14'),(32,30,51,1,'2017-06-15'),(33,31,213,1,'2017-06-21'),(34,32,16,1,'2017-06-22'),(35,33,210,1,'2017-06-22'),(36,34,45,1,'2017-07-11'),(37,35,259,15,'2017-07-06'),(38,36,167,1,'2017-07-14'),(39,37,204,1,'2017-07-14'),(40,38,159,1,'2017-07-14'),(41,39,59,1,'2017-07-18'),(42,40,24,1,'2017-07-18'),(43,41,17,1,'2017-07-19'),(44,42,190,1,'2017-07-18'),(45,43,106,1,'2017-07-27'),(46,44,76,1,'2017-07-29'),(47,44,160,1,'2017-07-29'),(48,45,182,1,'2017-07-29'),(49,46,200,1,'2017-07-29'),(50,46,106,1,'2017-07-29'),(51,46,206,1,'2017-07-29'),(52,47,55,1,'2017-07-29'),(53,48,57,1,'2017-08-18'),(54,49,81,1,'2017-08-05'),(55,50,266,1,'2017-08-16'),(56,51,267,20,'2017-08-22'),(57,52,259,20,'2017-08-22'),(58,53,261,20,'2017-08-22'),(59,54,268,1,'2017-08-22'),(60,55,268,1,'2017-08-22'),(61,56,269,1,'2017-08-23'),(62,57,270,1,'2017-08-28'),(63,58,35,1,'2017-08-31'),(64,59,264,5,'2017-08-31'),(65,60,270,1,'2017-08-31'),(66,61,271,1,'2017-08-29'),(67,62,204,1,'2017-08-31'),(68,63,272,1,'2017-09-20'),(69,64,187,1,'2017-09-18'),(70,65,194,1,'2017-09-19'),(71,66,273,1,'2017-09-20'),(72,67,17,1,'2017-09-22'),(73,68,170,1,'2017-09-28'),(74,69,65,1,'2017-08-29'),(75,70,274,1,'2017-09-29'),(76,71,275,1,'2017-09-29'),(77,72,274,1,'2017-09-29'),(78,72,275,1,'2017-09-29'),(79,72,276,1,'2017-09-29'),(80,72,65,1,'2017-09-29'),(81,73,277,10,'2017-09-29'),(82,74,65,1,'2017-09-29'),(83,75,278,1,'2017-10-07'),(84,76,170,1,'2017-10-07'),(85,77,193,1,'2017-10-07'),(86,78,48,3,'2017-10-07'),(87,79,94,1,'2017-10-07'),(88,80,94,4,'2017-10-07'),(89,81,119,1,'2017-10-07'),(90,82,144,1,'2017-10-09'),(91,83,120,1,'2017-10-10'),(92,84,144,1,'2017-10-09'),(93,85,279,5,'2017-10-09'),(94,86,280,10,'2017-10-12'),(95,87,26,1,'2017-10-14'),(96,88,168,1,'2017-10-16'),(97,89,281,1,'2017-10-16'),(98,89,282,1,'2017-10-16'),(99,90,160,1,'2017-10-25'),(100,91,23,1,'2017-10-30'),(101,92,112,1,'2017-10-31'),(102,93,100,1,'2017-10-31'),(103,94,259,5,'2017-10-31'),(104,95,283,1,'2017-10-31'),(105,96,267,3,'2017-10-31'),(106,97,81,1,'2017-11-07'),(107,98,58,1,'2017-11-21'),(108,98,143,1,'2017-11-21'),(109,99,284,1,'2017-11-21'),(110,100,208,1,'2017-11-22'),(111,101,101,1,'2017-11-27'),(112,102,267,10,'2017-11-27'),(113,103,277,7,'2017-11-27'),(114,104,134,1,'2017-11-28'),(115,105,134,1,'2017-11-28'),(116,106,285,1,'2017-12-25'),(117,107,48,1,'2017-12-25'),(118,108,94,1,'2017-12-25'),(119,109,286,2,'2017-12-25'),(120,110,174,1,'2017-09-06'),(121,111,39,1,'2017-12-12'),(122,112,287,1,'2017-12-14'),(123,113,288,2,'2017-12-22'),(124,114,289,10,'2017-12-26'),(125,115,141,1,'2017-12-27'),(126,116,289,8,'2017-12-27'),(127,117,199,1,'2017-12-26'),(128,118,142,1,'2018-01-03'),(129,119,31,1,'2018-01-03'),(130,120,280,4,'2018-01-03'),(131,121,39,1,'2018-01-03'),(132,122,279,1,'2018-01-03'),(133,123,39,1,'2018-01-03'),(134,124,39,1,'2018-01-03'),(135,125,143,1,'2018-01-03'),(136,126,199,1,'2018-01-04'),(137,127,167,1,'2018-01-03'),(138,128,290,1,'2018-01-04'),(139,129,198,1,'2018-01-16'),(140,129,195,1,'2018-01-16'),(141,130,221,1,'2018-03-24'),(142,131,90,1,'2018-02-26'),(143,132,89,1,'2018-01-18'),(144,133,142,1,'2018-01-22'),(145,134,291,1,'2018-01-18'),(146,135,292,1,'2018-02-07'),(147,136,43,1,'2018-03-12'),(148,137,49,1,'2018-03-19'),(149,138,267,1,'2018-03-19'),(150,139,267,1,'2018-03-19'),(151,140,261,5,'2018-03-19'),(152,141,267,10,'2018-03-19'),(153,142,277,5,'2018-03-19'),(154,143,289,20,'2018-03-19'),(155,143,277,20,'2018-03-19'),(156,143,262,20,'2018-03-19'),(157,144,263,10,'2018-03-19'),(158,145,280,5,'2018-03-19'),(159,146,294,1,'2018-03-21'),(160,147,295,1,'2018-03-21'),(161,148,296,1,'2018-02-22'),(162,149,294,1,'2018-03-22'),(163,150,297,1,'2018-03-23'),(164,151,298,1,'2018-03-27'),(165,152,261,20,'2018-03-21'),(166,153,289,20,'2018-03-21'),(167,153,259,20,'2018-03-21'),(168,153,260,20,'2018-03-21'),(169,153,262,20,'2018-03-21'),(170,153,277,20,'2018-03-21'),(171,153,280,20,'2018-03-21'),(172,154,271,1,'2018-04-06'),(173,155,198,1,'2018-04-24'),(174,156,261,3,'2018-05-22'),(175,156,216,1,'2018-05-22');
/*!40000 ALTER TABLE `invoice_purchase_details` ENABLE KEYS */;
UNLOCK TABLES;

--
-- Table structure for table `item_borrow`
--

DROP TABLE IF EXISTS `item_borrow`;
/*!40101 SET @saved_cs_client     = @@character_set_client */;
/*!40101 SET character_set_client = utf8 */;
CREATE TABLE `item_borrow` (
  `borrow_id` bigint(100) NOT NULL AUTO_INCREMENT,
  `warehouse_id` int(5) DEFAULT NULL,
  `taken_by_uid` bigint(100) DEFAULT NULL,
  `project_uid` varchar(50) DEFAULT NULL,
  `borrow_date` date DEFAULT NULL,
  `borrow_status` int(2) DEFAULT '0',
  `item_id` int(11) DEFAULT NULL,
  `end_date` date DEFAULT NULL,
  `note` text,
  `created_by` int(5) DEFAULT NULL,
  `created_date` date DEFAULT NULL,
  `updated_by` int(5) DEFAULT NULL,
  `updated_date` date DEFAULT NULL,
  `deleted_by` int(5) DEFAULT NULL,
  `deleted_date` date DEFAULT NULL,
  `dlt` int(2) DEFAULT '0',
  `item_return_date` date DEFAULT NULL,
  `return_date` date DEFAULT NULL,
  PRIMARY KEY (`borrow_id`)
) ENGINE=InnoDB AUTO_INCREMENT=172 DEFAULT CHARSET=latin1;
/*!40101 SET character_set_client = @saved_cs_client */;

--
-- Dumping data for table `item_borrow`
--

LOCK TABLES `item_borrow` WRITE;
/*!40000 ALTER TABLE `item_borrow` DISABLE KEYS */;
INSERT INTO `item_borrow` VALUES (1,3,3651,'EXYlKXb1Pw','2017-04-11',0,140,'0000-00-00','',1,'2017-04-11',2017,NULL,NULL,NULL,0,NULL,NULL),(2,3,3632,'NJK6qsEbl3','2017-04-11',0,194,'2017-06-26','',4,'2017-04-11',2017,NULL,NULL,NULL,0,NULL,NULL),(3,3,3652,'NJK6qsEbl3','2017-04-12',0,189,'0000-00-00','',4,'2017-04-17',2018,NULL,NULL,NULL,0,'2018-05-18',NULL),(4,3,3655,'NJK6qsEbl3','2017-04-13',0,174,'0000-00-00','',4,'2017-04-17',NULL,NULL,NULL,NULL,0,NULL,NULL),(5,3,3687,'dOnQddsqhy','2017-04-26',0,27,'2017-10-07','',4,'2017-04-22',NULL,NULL,NULL,NULL,0,NULL,NULL),(6,3,3628,'EXYlKXb1Pw','2017-05-03',0,211,'2017-09-16','',4,'2017-04-28',NULL,NULL,NULL,NULL,0,NULL,NULL),(7,3,3707,'NJK6qsEbl3','2017-05-04',1,172,'2017-10-04','',4,'2017-04-29',2017,NULL,NULL,NULL,0,'2017-05-01','2017-05-01'),(8,3,212,'EXYlKXb1Pw','2017-05-05',0,19,'2017-09-09','',4,'2017-04-30',NULL,NULL,NULL,NULL,0,NULL,NULL),(9,3,3732,'dOnQddsqhy','2017-05-09',1,172,'2017-07-31','',4,'2017-05-01',2018,NULL,NULL,NULL,0,'2018-05-15','2018-05-15'),(10,3,553,'EXYlKXb1Pw','0000-00-00',0,28,'0000-00-00','',4,'2017-05-20',NULL,NULL,NULL,NULL,0,NULL,NULL),(11,3,1667,'EXYlKXb1Pw','0000-00-00',0,92,'2017-08-18','',4,'2017-05-23',NULL,NULL,NULL,NULL,0,NULL,NULL),(12,3,3773,'EXYlKXb1Pw','0000-00-00',0,170,'0000-00-00','',4,'2017-05-26',NULL,NULL,NULL,NULL,0,NULL,NULL),(13,3,666,'EXYlKXb1Pw','2017-05-26',1,132,'2018-05-12','',4,'2017-05-26',2018,NULL,NULL,NULL,0,'2018-05-02','2018-05-02'),(14,3,3780,'EXYlKXb1Pw','2017-05-31',0,199,'2017-08-28','',4,'2017-06-02',2017,NULL,NULL,NULL,0,NULL,NULL),(15,3,3777,'NJK6qsEbl3','2017-05-31',0,177,'2017-08-29','',4,'2017-06-02',2017,NULL,NULL,NULL,0,NULL,NULL),(16,3,3650,'NJK6qsEbl3','2017-05-29',0,92,'2017-10-09','',4,'2017-06-02',NULL,NULL,NULL,NULL,0,NULL,NULL),(17,3,3796,'EXYlKXb1Pw','2017-06-06',0,26,'2017-08-19','',4,'2017-06-06',NULL,NULL,NULL,NULL,0,NULL,NULL),(18,3,2978,'EXYlKXb1Pw','2017-06-09',0,220,'2018-06-26','',4,'2017-06-09',NULL,NULL,NULL,NULL,0,NULL,NULL),(19,3,3516,'EXYlKXb1Pw','2017-06-09',0,15,'2018-11-10','',4,'2017-06-09',NULL,NULL,NULL,NULL,0,NULL,NULL),(20,3,3810,'EXYlKXb1Pw','2017-06-12',0,63,'2018-03-31','',4,'2017-06-12',NULL,NULL,NULL,NULL,0,NULL,NULL),(21,3,3823,'EXYlKXb1Pw','2017-06-14',0,222,'2018-03-10','',4,'2017-06-15',NULL,NULL,NULL,NULL,0,NULL,NULL),(22,3,3824,'EXYlKXb1Pw','2017-06-15',0,51,'2018-02-28','',4,'2017-06-15',NULL,NULL,NULL,NULL,0,NULL,NULL),(23,3,3843,'qpFujJx8uc','0000-00-00',0,213,'2017-11-25','',4,'2017-06-21',NULL,NULL,NULL,NULL,0,NULL,NULL),(24,3,3845,'qjNF9Qq9m3','2017-06-23',0,16,'0000-00-00','',4,'2017-06-23',NULL,NULL,NULL,NULL,0,NULL,NULL),(25,3,3846,'qjNF9Qq9m3','2017-06-23',0,210,'2018-03-17','',4,'2017-06-23',NULL,NULL,NULL,NULL,0,NULL,NULL),(26,3,3855,'EXYlKXb1Pw','2017-07-06',0,45,'2017-10-28','',4,'2017-07-06',NULL,NULL,NULL,NULL,0,NULL,NULL),(27,3,3873,'qjNF9Qq9m3','2017-07-14',0,159,'0000-00-00','',4,'2017-07-14',NULL,NULL,NULL,NULL,0,NULL,NULL),(28,3,3869,'EXYlKXb1Pw','2017-07-14',0,204,'2017-12-16','',4,'2017-07-14',NULL,NULL,NULL,NULL,0,NULL,NULL),(29,3,3874,'qjNF9Qq9m3','2017-07-14',0,167,'2017-11-17','',4,'2017-07-14',NULL,NULL,NULL,NULL,0,NULL,NULL),(30,3,3877,'EXYlKXb1Pw','2017-07-18',0,59,'0000-00-00','',4,'2017-07-18',NULL,NULL,NULL,NULL,0,NULL,NULL),(31,3,3876,'EXYlKXb1Pw','2017-07-18',0,24,'0000-00-00','',4,'2017-07-18',NULL,NULL,NULL,NULL,0,NULL,NULL),(32,3,3878,'EXYlKXb1Pw','2017-07-19',1,17,'2017-11-11','',4,'2017-07-19',2018,NULL,NULL,NULL,0,'2018-03-19','2018-03-19'),(33,3,3875,'EXYlKXb1Pw','0000-00-00',0,190,'2017-12-16','',4,'2017-07-19',NULL,NULL,NULL,NULL,0,NULL,NULL),(34,3,3895,'EXYlKXb1Pw','0000-00-00',0,160,'2017-12-16','',4,'2017-07-21',2017,NULL,NULL,NULL,0,'2017-10-26',NULL),(35,3,3246,'qjNF9Qq9m3','2017-07-29',0,55,'2018-09-08','',4,'2017-07-23',NULL,NULL,NULL,NULL,0,NULL,NULL),(36,3,3888,'qjNF9Qq9m3','2017-07-29',0,76,'2018-05-05','',4,'2017-07-23',NULL,NULL,NULL,NULL,0,NULL,NULL),(37,3,3910,'qjNF9Qq9m3','2017-07-22',1,182,'2018-04-07','',4,'2017-07-23',2018,NULL,NULL,NULL,0,'2018-04-26','2018-04-26'),(38,3,3911,'qjNF9Qq9m3','2017-07-22',1,200,'2018-05-05','',4,'2017-07-23',2018,NULL,NULL,NULL,0,'2018-04-26','2018-04-26'),(39,3,3912,'EXYlKXb1Pw','2017-07-22',1,106,'2017-12-30','',4,'2017-07-23',2018,NULL,NULL,NULL,0,'2018-03-31','2018-03-31'),(40,3,3918,'qjNF9Qq9m3','2017-07-22',0,206,'0000-00-00','',4,'2017-07-23',NULL,NULL,NULL,NULL,0,NULL,NULL),(41,3,3919,'qjNF9Qq9m3','2017-08-04',0,57,'2018-05-26','',4,'2017-07-29',NULL,NULL,NULL,NULL,0,NULL,NULL),(42,3,3933,'EXYlKXb1Pw','2017-08-05',0,81,'0000-00-00','',4,'2017-07-30',2017,NULL,NULL,NULL,0,'2017-11-07',NULL),(43,3,3933,'EXYlKXb1Pw','2017-08-05',0,81,'0000-00-00','',4,'2017-07-30',2017,NULL,NULL,NULL,0,'2017-11-07',NULL),(44,3,3958,'EXYlKXb1Pw','0000-00-00',0,266,'0000-00-00','',4,'2017-08-16',2018,NULL,NULL,NULL,0,'2018-03-23',NULL),(45,3,3971,'dOnQddsqhy','2017-08-23',0,208,'2017-10-22','',4,'2017-08-23',2017,NULL,NULL,NULL,0,'2017-11-22',NULL),(46,3,3967,'EXYlKXb1Pw','0000-00-00',0,268,'2017-10-22','',4,'2017-08-23',NULL,NULL,NULL,NULL,0,NULL,NULL),(47,3,3869,'EXYlKXb1Pw','0000-00-00',0,269,'0000-00-00','',4,'2017-08-24',2017,NULL,NULL,NULL,0,'2017-08-31',NULL),(48,3,3245,'dOnQddsqhy','0000-00-00',0,35,'2017-10-01','',4,'2017-08-31',2017,NULL,NULL,NULL,0,NULL,NULL),(49,3,3983,'EXYlKXb1Pw','2017-08-29',0,270,'2017-12-22','',4,'2017-08-31',NULL,NULL,NULL,NULL,0,NULL,NULL),(50,3,2938,'EXYlKXb1Pw','2017-08-29',0,271,'2017-12-02','',4,'2017-08-31',NULL,NULL,NULL,NULL,0,NULL,NULL),(51,3,3984,'EXYlKXb1Pw','2017-08-30',0,204,'2017-08-31','',4,'2017-08-31',NULL,NULL,NULL,NULL,0,NULL,NULL),(52,3,3995,'EXYlKXb1Pw','2017-09-07',0,272,'0000-00-00','',4,'2017-09-11',NULL,NULL,NULL,NULL,0,NULL,NULL),(53,3,3999,'EXYlKXb1Pw','2017-09-18',0,187,'0000-00-00','',4,'2017-09-19',NULL,NULL,NULL,NULL,0,NULL,NULL),(54,3,3988,'EXYlKXb1Pw','2017-09-19',0,194,'0000-00-00','',4,'2017-09-19',NULL,NULL,NULL,NULL,0,NULL,NULL),(55,3,3920,'EXYlKXb1Pw','2017-09-21',0,273,'2018-01-30','',4,'2017-09-22',2017,NULL,NULL,NULL,0,NULL,NULL),(56,3,3972,'EXYlKXb1Pw','2017-09-22',0,17,'2018-01-22','',4,'2017-09-22',NULL,NULL,NULL,NULL,0,NULL,NULL),(57,3,3773,'EXYlKXb1Pw','2017-05-27',0,170,'2017-09-28','',4,'2017-09-28',2017,NULL,NULL,NULL,0,'2017-09-29',NULL),(58,3,4010,'EXYlKXb1Pw','2017-09-29',0,276,'2017-09-29','',4,'2017-09-29',NULL,NULL,NULL,NULL,0,NULL,NULL),(59,3,4011,'EXYlKXb1Pw','2017-09-29',0,275,'2017-11-18','',4,'2017-09-29',NULL,NULL,NULL,NULL,0,NULL,NULL),(60,3,4012,'EXYlKXb1Pw','2017-12-30',0,274,'2017-12-30','',4,'2017-09-29',NULL,NULL,NULL,NULL,0,NULL,NULL),(61,3,4015,'EXYlKXb1Pw','2017-09-29',0,65,'2018-01-01','',4,'2017-09-29',NULL,NULL,NULL,NULL,0,NULL,NULL),(62,3,4019,'EXYlKXb1Pw','2017-10-18',0,278,'2018-06-16','',4,'2017-10-08',NULL,NULL,NULL,NULL,0,NULL,NULL),(63,3,4020,'EXYlKXb1Pw','2017-12-16',0,170,'2017-10-01','',4,'2017-10-08',NULL,NULL,NULL,NULL,0,NULL,NULL),(64,3,4023,'EXYlKXb1Pw','2017-10-07',0,193,'2018-03-16','',4,'2017-10-08',NULL,NULL,NULL,NULL,0,NULL,NULL),(65,3,3532,'EXYlKXb1Pw','2017-06-06',0,48,'2018-06-07','',4,'2017-10-08',NULL,NULL,NULL,NULL,0,NULL,NULL),(66,3,3531,'EXYlKXb1Pw','2017-06-01',0,48,'2018-05-31','',4,'2017-10-08',NULL,NULL,NULL,NULL,0,NULL,NULL),(67,3,3533,'EXYlKXb1Pw','2017-09-01',0,48,'0000-00-00','',4,'2017-10-08',NULL,NULL,NULL,NULL,0,NULL,NULL),(68,3,3734,'EXYlKXb1Pw','2017-05-06',0,94,'0000-00-00','',4,'2017-10-08',NULL,NULL,NULL,NULL,0,NULL,NULL),(69,3,3735,'EXYlKXb1Pw','2017-05-17',0,94,'2018-05-05','',4,'2017-10-08',NULL,NULL,NULL,NULL,0,NULL,NULL),(70,3,3832,'EXYlKXb1Pw','2017-06-19',0,94,'0000-00-00','',4,'2017-10-08',NULL,NULL,NULL,NULL,0,NULL,NULL),(71,3,3982,'EXYlKXb1Pw','2017-08-28',0,94,'0000-00-00','',4,'2017-10-08',NULL,NULL,NULL,NULL,0,NULL,NULL),(72,3,3981,'EXYlKXb1Pw','2017-08-28',0,119,'0000-00-00','',4,'2017-10-08',NULL,NULL,NULL,NULL,0,NULL,NULL),(73,3,4036,'EXYlKXb1Pw','2017-10-10',0,120,'0000-00-00','',4,'2017-10-11',NULL,NULL,NULL,NULL,0,NULL,NULL),(74,3,4034,'EXYlKXb1Pw','2017-10-10',0,144,'2018-03-10','',4,'2017-10-12',NULL,NULL,NULL,NULL,0,NULL,NULL),(75,3,406,'EXYlKXb1Pw','2017-10-17',0,26,'0000-00-00','',4,'2017-10-23',NULL,NULL,NULL,NULL,0,NULL,NULL),(76,3,4045,'EXYlKXb1Pw','2017-10-23',1,168,'2017-12-23','',4,'2017-10-23',2018,NULL,NULL,NULL,0,'2018-04-26','2018-04-26'),(77,3,4044,'EXYlKXb1Pw','2017-09-25',0,281,'2017-12-23','',4,'2017-10-23',NULL,NULL,NULL,NULL,0,NULL,NULL),(78,3,4043,'EXYlKXb1Pw','2017-10-13',0,282,'2018-01-25','',4,'2017-10-23',NULL,NULL,NULL,NULL,0,NULL,NULL),(79,3,4046,'EXYlKXb1Pw','2017-10-26',0,160,'2017-12-25','',4,'2017-10-26',NULL,NULL,NULL,NULL,0,NULL,NULL),(80,3,3912,'EXYlKXb1Pw','2017-10-30',0,23,'2018-09-08','',4,'2017-10-30',NULL,NULL,NULL,NULL,0,NULL,NULL),(81,3,4055,'EXYlKXb1Pw','2017-10-31',0,112,'2018-01-20','',4,'2017-10-31',2017,NULL,NULL,NULL,0,NULL,NULL),(82,3,4054,'9MxH3aISPt','2017-10-31',0,112,'2018-10-31','',4,'2017-10-31',2017,NULL,NULL,NULL,0,'2017-12-14',NULL),(83,3,4056,'9MxH3aISPt','2017-10-31',0,283,'0000-00-00','',4,'2017-10-31',NULL,NULL,NULL,NULL,0,NULL,NULL),(84,3,400022,'EXYlKXb1Pw','2017-11-07',0,81,'2020-06-06','',4,'2017-11-07',NULL,NULL,NULL,NULL,0,NULL,NULL),(85,3,4066,'qjNF9Qq9m3','2017-11-17',0,58,'0000-00-00','',4,'2017-11-21',NULL,NULL,NULL,NULL,0,NULL,NULL),(86,3,4062,'qjNF9Qq9m3','2017-11-20',1,284,'0000-00-00','',4,'2017-11-21',2018,NULL,NULL,NULL,0,'2018-03-26','2018-03-26'),(87,3,4063,'qjNF9Qq9m3','2017-11-20',1,143,'2018-03-24','',4,'2017-11-21',2018,NULL,NULL,NULL,0,'2018-04-27','2018-04-27'),(88,3,4060,'qjNF9Qq9m3','2017-11-22',0,208,'0000-00-00','',4,'2017-11-22',NULL,NULL,NULL,NULL,0,NULL,NULL),(89,3,4100,'EXYlKXb1Pw','2017-11-27',0,101,'0000-00-00','',4,'2017-11-29',NULL,NULL,NULL,NULL,0,NULL,NULL),(90,3,4104,'qjNF9Qq9m3','2017-10-31',0,134,'2018-02-27','',4,'2017-12-01',NULL,NULL,NULL,NULL,0,NULL,NULL),(91,3,4099,'qjNF9Qq9m3','2017-12-25',0,285,'0000-00-00','',4,'2017-12-01',NULL,NULL,NULL,NULL,0,NULL,NULL),(92,3,4096,'Xdcw3KDKYl','2017-12-25',0,48,'2018-01-23','',4,'2017-12-01',NULL,NULL,NULL,NULL,0,NULL,NULL),(93,3,4097,'qjNF9Qq9m3','0000-00-00',0,286,'2018-11-16','',4,'2017-12-01',NULL,NULL,NULL,NULL,0,NULL,NULL),(94,3,4098,'qjNF9Qq9m3','2017-12-25',0,286,'2018-11-16','',4,'2017-12-01',NULL,NULL,NULL,NULL,0,NULL,NULL),(95,3,3994,'qjNF9Qq9m3','2017-09-06',0,174,'0000-00-00','',4,'2017-12-01',NULL,NULL,NULL,NULL,0,NULL,NULL),(96,3,4129,'EXYlKXb1Pw','2017-12-12',0,39,'0000-00-00','',4,'2017-12-12',NULL,NULL,NULL,NULL,0,NULL,NULL),(97,3,4054,'9MxH3aISPt','2017-12-14',0,287,'0000-00-00','',4,'2017-12-14',NULL,NULL,NULL,NULL,0,NULL,NULL),(98,3,4135,'EXYlKXb1Pw','2017-12-22',0,288,'2018-02-22','',4,'2017-12-22',NULL,NULL,NULL,NULL,0,NULL,NULL),(99,3,4134,'EXYlKXb1Pw','2017-12-22',0,288,'2018-02-22','',4,'2017-12-22',NULL,NULL,NULL,NULL,0,NULL,NULL),(100,3,4189,'9MxH3aISPt','2017-12-27',0,141,'2018-02-27','',4,'2017-12-27',NULL,NULL,NULL,NULL,0,NULL,NULL),(101,3,3576,'EXYlKXb1Pw','2018-01-03',1,142,'0000-00-00','',4,'2018-01-03',2018,NULL,NULL,NULL,0,'2018-01-03','2018-03-26'),(102,3,4063,'EXYlKXb1Pw','2018-01-03',0,31,'0000-00-00','',4,'2018-01-03',NULL,NULL,NULL,NULL,0,NULL,NULL),(103,3,4063,'EXYlKXb1Pw','2018-01-03',0,31,'0000-00-00','',4,'2018-01-03',2018,NULL,NULL,NULL,0,NULL,NULL),(104,3,4213,'EXYlKXb1Pw','2018-01-03',0,39,'0000-00-00','',4,'2018-01-03',NULL,NULL,NULL,NULL,0,NULL,NULL),(105,3,4129,'EXYlKXb1Pw','2018-01-03',0,143,'0000-00-00','',4,'2018-01-03',NULL,NULL,NULL,NULL,0,NULL,NULL),(106,3,4127,'EXYlKXb1Pw','2018-01-04',0,199,'0000-00-00','',4,'2018-01-04',NULL,NULL,NULL,NULL,0,NULL,NULL),(107,3,4216,'EXYlKXb1Pw','2018-01-04',0,167,'0000-00-00','',4,'2018-01-04',NULL,NULL,NULL,NULL,0,NULL,NULL),(108,3,4215,'EXYlKXb1Pw','2018-05-04',1,290,'0000-00-00','',4,'2018-01-04',2018,NULL,NULL,NULL,0,'2018-03-26','2018-03-26'),(109,3,4228,'9MxH3aISPt','2018-01-16',0,195,'2018-01-16','',4,'2018-01-16',NULL,NULL,NULL,NULL,0,NULL,NULL),(110,3,4229,'9MxH3aISPt','2018-01-16',0,198,'0000-00-00','',4,'2018-01-16',NULL,NULL,NULL,NULL,0,NULL,NULL),(111,3,4188,'EXYlKXb1Pw','2018-02-26',0,90,'2019-02-26','Notebook Lock Code : 4444',5,'2018-03-01',NULL,NULL,NULL,NULL,0,NULL,NULL),(112,3,400003,'EXYlKXb1Pw','2018-01-18',0,89,'2019-01-18','',5,'2018-03-01',NULL,NULL,NULL,NULL,0,NULL,NULL),(113,3,4219,'EXYlKXb1Pw','2018-01-22',0,142,'2019-01-22','',5,'2018-03-01',NULL,NULL,NULL,NULL,0,NULL,NULL),(114,3,0,'qjNF9Qq9m3','2018-02-08',0,154,'2019-02-08','',5,'2018-03-01',2018,NULL,5,'2018-03-01',1,'2018-03-01',NULL),(115,3,400056,'9MxH3aISPt','2018-03-12',0,43,'0000-00-00','',4,'2018-03-12',NULL,NULL,NULL,NULL,0,NULL,NULL),(116,3,946,'EXYlKXb1Pw','2018-02-07',0,292,'2024-02-06','',1,'2018-03-19',NULL,NULL,NULL,NULL,0,NULL,NULL),(117,3,3530,'EXYlKXb1Pw','2018-01-18',0,49,'0000-00-00','',1,'2018-03-19',2018,NULL,NULL,NULL,0,NULL,NULL),(118,3,3606,'EXYlKXb1Pw','2018-03-19',0,61,'2017-02-28','',1,'2018-03-19',2018,NULL,NULL,NULL,0,NULL,NULL),(119,3,795,'EXYlKXb1Pw','2015-11-10',0,156,'2025-11-10','',1,'2018-03-19',2018,NULL,NULL,NULL,0,NULL,NULL),(120,3,4284,'EXYlKXb1Pw','2018-03-14',0,116,'2019-03-14','',1,'2018-03-19',2018,NULL,NULL,NULL,0,NULL,NULL),(121,3,4188,'NJK6qsEbl3','2018-02-26',0,79,'2019-02-26','',1,'2018-03-19',2018,NULL,NULL,NULL,0,NULL,NULL),(122,3,3315,'EXYlKXb1Pw','2015-09-27',0,82,'2025-09-26','',1,'2018-03-19',NULL,NULL,NULL,NULL,0,NULL,NULL),(123,3,342,'EXYlKXb1Pw','2014-04-29',0,83,'2025-04-28','',1,'2018-03-19',NULL,NULL,NULL,NULL,0,NULL,NULL),(124,3,400001,'EXYlKXb1Pw','2015-02-26',0,80,'2025-02-25','',1,'2018-03-19',2018,NULL,NULL,NULL,0,NULL,NULL),(125,3,451,'EXYlKXb1Pw','2014-04-14',0,84,'2025-04-14','',1,'2018-03-19',NULL,NULL,NULL,NULL,0,NULL,NULL),(126,3,3972,'EXYlKXb1Pw','2017-09-22',0,17,'2019-09-21','',1,'2018-03-19',NULL,NULL,NULL,NULL,0,NULL,NULL),(127,3,3953,'dOnQddsqhy','2017-08-07',0,40,'2019-08-06','',1,'2018-03-19',NULL,NULL,NULL,NULL,0,NULL,NULL),(128,3,3611,'EXYlKXb1Pw','2017-03-09',0,178,'2019-03-08','',1,'2018-03-19',2018,NULL,NULL,NULL,0,'2018-03-27',NULL),(129,3,3581,'EXYlKXb1Pw','2017-02-14',0,53,'2019-02-13','',1,'2018-03-19',NULL,NULL,NULL,NULL,0,NULL,NULL),(130,3,4111,'NJK6qsEbl3','2017-02-02',0,70,'2019-02-01','',1,'2018-03-21',NULL,NULL,NULL,NULL,0,NULL,NULL),(131,3,595,'NJK6qsEbl3','2017-01-25',0,68,'2025-01-24','',1,'2018-03-21',NULL,NULL,NULL,NULL,0,NULL,NULL),(132,3,3520,'NJK6qsEbl3','2017-01-09',0,5,'2019-01-18','',1,'2018-03-21',NULL,NULL,NULL,NULL,0,NULL,NULL),(133,3,578,'qjNF9Qq9m3','2016-11-07',0,64,'2025-11-06','',1,'2018-03-21',NULL,NULL,NULL,NULL,0,NULL,NULL),(134,3,4059,'qjNF9Qq9m3','2010-11-21',1,78,'2025-10-20','',1,'2018-03-21',2018,NULL,NULL,NULL,0,'2018-05-18','2018-05-18'),(135,3,4281,'NrVqhfrG0g','2018-02-22',0,296,'2019-02-27','',1,'2018-03-21',NULL,NULL,NULL,NULL,0,NULL,NULL),(136,3,4292,'NJK6qsEbl3','2018-03-19',0,221,'2019-03-18','',1,'2018-03-22',NULL,NULL,NULL,NULL,0,NULL,NULL),(137,3,4293,'EXYlKXb1Pw','2018-03-22',0,294,'2019-03-21','',1,'2018-03-23',NULL,NULL,NULL,NULL,0,NULL,NULL),(138,3,4291,'EXYlKXb1Pw','2018-03-12',0,266,'2019-03-11','',1,'2018-03-23',NULL,NULL,NULL,NULL,0,NULL,NULL),(139,3,3998,'EXYlKXb1Pw','2018-03-23',0,297,'2019-03-01','',1,'2018-03-23',NULL,NULL,NULL,NULL,0,NULL,NULL),(140,3,4273,'EXYlKXb1Pw','2018-03-22',0,149,'2019-03-21','',1,'2018-03-23',NULL,NULL,NULL,NULL,0,NULL,NULL),(141,3,4219,'EXYlKXb1Pw','2018-03-23',0,85,'2019-03-22','',1,'2018-03-23',NULL,NULL,NULL,NULL,0,NULL,NULL),(142,3,807,'EXYlKXb1Pw','2015-09-12',0,87,'2025-09-11','',1,'2018-03-23',NULL,NULL,NULL,NULL,0,NULL,NULL),(143,3,3559,'EXYlKXb1Pw','2017-01-30',0,60,'2025-01-29','',1,'2018-03-23',NULL,NULL,NULL,NULL,0,NULL,NULL),(144,3,4286,'EXYlKXb1Pw','2017-01-30',0,66,'2019-01-29','',1,'2018-03-24',NULL,NULL,NULL,NULL,0,NULL,NULL),(145,3,3515,'qjNF9Qq9m3','2016-12-30',0,215,'2019-12-29','',1,'2018-03-24',NULL,NULL,NULL,NULL,0,NULL,NULL),(146,3,4290,'NJK6qsEbl3','2018-03-26',1,290,'2019-03-25','',1,'2018-03-26',2018,NULL,NULL,NULL,0,'2018-05-09','2018-05-09'),(147,3,4219,'EXYlKXb1Pw','2018-01-22',0,142,'2019-01-21','',1,'2018-03-26',NULL,NULL,NULL,NULL,0,NULL,NULL),(148,3,4062,'qjNF9Qq9m3','2018-03-25',0,212,'2019-03-24','',1,'2018-03-27',NULL,NULL,NULL,NULL,0,NULL,NULL),(149,3,3611,'EXYlKXb1Pw','2018-03-27',0,298,'2018-05-22','',4,'2018-03-27',NULL,NULL,NULL,NULL,0,NULL,NULL),(150,3,3878,'EXYlKXb1Pw','2018-03-22',0,106,'2019-03-21','',1,'2018-03-31',NULL,NULL,NULL,NULL,0,NULL,NULL),(151,3,5500013,'9MxH3aISPt','2018-04-06',0,271,'0000-00-00','',4,'2018-04-06',NULL,NULL,NULL,NULL,0,NULL,NULL),(152,3,400606,'9MxH3aISPt','2018-04-06',0,203,'2019-04-06','',1,'2018-04-06',NULL,NULL,NULL,NULL,0,NULL,NULL),(153,3,4111,'NrVqhfrG0g','2018-04-13',0,10,'0000-00-00','',4,'2018-04-13',2018,NULL,4,'2018-04-16',1,'2018-04-16',NULL),(154,3,4296,'NrVqhfrG0g','2018-04-09',0,97,'0000-00-00','',4,'2018-04-13',2018,NULL,NULL,NULL,0,NULL,NULL),(155,3,3486,'EXYlKXb1Pw','2018-04-22',0,284,'0000-00-00','',6,'2018-04-23',NULL,NULL,NULL,NULL,0,NULL,NULL),(156,3,4277,'EXYlKXb1Pw','0000-00-00',0,198,'0000-00-00','',6,'2018-04-24',NULL,NULL,NULL,NULL,0,NULL,NULL),(157,3,4334,'9MxH3aISPt','2018-04-26',0,168,'2019-04-26','',1,'2018-04-26',NULL,NULL,NULL,NULL,0,NULL,NULL),(158,3,4333,'EXYlKXb1Pw','2018-04-26',0,182,'2019-04-26','',1,'2018-04-26',NULL,NULL,NULL,NULL,0,NULL,NULL),(159,3,3518,'EXYlKXb1Pw','2018-04-20',0,22,'2026-04-20','',1,'2018-04-27',NULL,NULL,NULL,NULL,0,NULL,NULL),(160,3,4299,'NJK6qsEbl3','2018-04-11',0,295,'2025-04-18','',1,'2018-05-03',NULL,NULL,NULL,NULL,0,NULL,NULL),(161,3,4017,'EXYlKXb1Pw','2017-05-23',0,54,'0000-00-00','',1,'2018-05-03',NULL,NULL,NULL,NULL,0,NULL,NULL),(162,3,524,'EXYlKXb1Pw','2014-12-31',0,96,'0000-00-00','',1,'2018-05-03',NULL,NULL,NULL,NULL,0,NULL,NULL),(163,3,1839,'EXYlKXb1Pw','2016-06-06',0,99,'0000-00-00','',1,'2018-05-03',NULL,NULL,NULL,NULL,0,NULL,NULL),(164,3,4225,'EXYlKXb1Pw','0000-00-00',0,104,'0000-00-00','',1,'2018-05-03',NULL,NULL,NULL,NULL,0,NULL,NULL),(165,3,4271,'EXYlKXb1Pw','2018-01-29',0,163,'0000-00-00','',1,'2018-05-03',NULL,NULL,NULL,NULL,0,NULL,NULL),(166,3,4340,'EXYlKXb1Pw','2018-05-02',0,133,'0000-00-00','',1,'2018-05-04',NULL,NULL,NULL,NULL,0,NULL,NULL),(167,3,4059,'EXYlKXb1Pw','2018-05-09',0,290,'2023-04-08','',1,'2018-05-09',NULL,NULL,NULL,NULL,0,NULL,NULL),(168,3,3973,'EXYlKXb1Pw','2017-08-22',0,78,'2018-05-18','',6,'2018-05-18',NULL,NULL,NULL,NULL,0,NULL,NULL),(169,3,1419,'EXYlKXb1Pw','2018-05-18',0,189,'0000-00-00','',6,'2018-05-18',2018,NULL,6,'2018-05-18',1,'2018-05-18',NULL),(170,3,4363,'EXYlKXb1Pw','2018-05-21',0,216,'0000-00-00','',6,'2018-05-21',NULL,NULL,NULL,NULL,0,NULL,NULL),(171,3,22333,'dOnQddsqhy','2018-05-22',0,216,'2018-05-26','qweqweqw',1,'2018-05-22',2018,NULL,NULL,NULL,0,NULL,NULL);
/*!40000 ALTER TABLE `item_borrow` ENABLE KEYS */;
UNLOCK TABLES;

--
-- Table structure for table `item_borrow_detail`
--

DROP TABLE IF EXISTS `item_borrow_detail`;
/*!40101 SET @saved_cs_client     = @@character_set_client */;
/*!40101 SET character_set_client = utf8 */;
CREATE TABLE `item_borrow_detail` (
  `borrow_detail_id` bigint(100) NOT NULL AUTO_INCREMENT,
  `borrow_id` bigint(100) DEFAULT NULL,
  `item_id` int(5) DEFAULT NULL,
  `end_date` date DEFAULT NULL,
  `return_date` date DEFAULT NULL,
  `quantities` int(10) DEFAULT NULL,
  `return_quantity` int(10) DEFAULT '0',
  PRIMARY KEY (`borrow_detail_id`)
) ENGINE=InnoDB AUTO_INCREMENT=362 DEFAULT CHARSET=latin1;
/*!40101 SET character_set_client = @saved_cs_client */;

--
-- Dumping data for table `item_borrow_detail`
--

LOCK TABLES `item_borrow_detail` WRITE;
/*!40000 ALTER TABLE `item_borrow_detail` DISABLE KEYS */;
INSERT INTO `item_borrow_detail` VALUES (1,1,259,'2017-08-22',NULL,1,0),(2,2,259,'2017-06-26',NULL,1,0),(3,2,261,'2017-06-26','2018-04-16',1,1),(4,2,262,'2017-06-26',NULL,1,0),(5,1,262,'2017-08-22',NULL,1,0),(6,1,261,'2017-08-22',NULL,1,0),(7,3,262,'2017-07-10',NULL,1,0),(8,3,261,'2017-07-10',NULL,1,0),(9,3,259,'2017-07-10',NULL,1,0),(10,4,262,'2017-04-12',NULL,1,0),(11,4,261,'2017-04-12',NULL,1,0),(12,4,259,'2017-04-12',NULL,1,0),(13,5,263,'2017-07-08',NULL,1,0),(14,5,264,'2017-07-08',NULL,1,0),(15,5,261,'2017-07-08',NULL,1,0),(16,5,259,'2017-07-08',NULL,1,0),(17,5,262,'2017-07-08',NULL,1,0),(18,6,261,'2017-08-19',NULL,1,0),(19,6,262,'2017-08-19',NULL,1,0),(20,6,259,'2017-08-19',NULL,1,0),(21,7,265,'2017-10-04','2017-05-01',1,1),(22,7,259,'2017-10-04','2017-05-01',1,1),(23,8,259,'2018-03-10',NULL,1,0),(24,8,261,'2018-03-10',NULL,1,0),(25,8,262,'2018-03-10',NULL,1,0),(26,9,259,'2017-07-22','2018-05-15',1,1),(27,9,262,'2017-07-22','2018-05-15',1,1),(28,9,261,'2017-07-22','2018-05-15',1,1),(29,10,259,'2018-09-08',NULL,1,0),(30,10,264,'2018-09-08',NULL,1,0),(31,10,263,'2018-09-08',NULL,1,0),(32,11,259,'2017-08-18',NULL,1,0),(33,11,262,'2017-08-18',NULL,1,0),(34,11,261,'2017-08-18',NULL,1,0),(35,12,261,'2017-09-30',NULL,1,0),(36,12,262,'2017-09-30',NULL,1,0),(37,13,261,'2018-07-12','2018-05-02',1,1),(38,14,261,'2017-08-28',NULL,1,0),(39,14,265,'2017-08-28',NULL,1,0),(40,15,261,'2017-08-29',NULL,1,0),(41,16,261,'2017-10-09',NULL,1,0),(42,16,262,'2017-10-09',NULL,1,0),(43,16,262,'2017-10-09',NULL,1,0),(44,17,263,'2017-09-02',NULL,1,0),(45,17,264,'2017-09-02',NULL,1,0),(46,18,263,'2018-06-26',NULL,1,0),(47,18,262,'2018-06-26',NULL,1,0),(48,19,262,'2017-11-16',NULL,1,0),(49,19,261,'2017-11-16',NULL,1,0),(50,20,262,'2018-03-10',NULL,1,0),(51,20,261,'2018-03-10',NULL,1,0),(52,21,263,'2017-09-14',NULL,1,0),(53,22,262,'2018-01-01',NULL,1,0),(54,22,262,'2018-01-01',NULL,1,0),(55,22,261,'2018-01-21',NULL,1,0),(56,23,262,'2017-12-09',NULL,1,0),(57,23,261,'2017-12-09',NULL,1,0),(58,24,261,'2018-01-20',NULL,1,0),(59,24,262,'2017-12-21',NULL,1,0),(60,25,262,'2018-02-23',NULL,1,0),(61,25,261,'2018-02-23',NULL,1,0),(62,26,264,'2017-11-17',NULL,1,0),(63,26,259,'2017-11-17',NULL,1,0),(64,26,263,'2017-11-17',NULL,1,0),(65,27,259,'2017-12-09',NULL,1,0),(66,27,262,'2017-12-09',NULL,1,0),(67,27,261,'2017-12-09',NULL,1,0),(68,28,262,'2017-12-09',NULL,1,0),(69,28,261,'2017-12-09',NULL,1,0),(70,28,259,'2017-12-09',NULL,1,0),(71,29,261,'2017-09-30',NULL,1,0),(72,29,262,'2017-09-30',NULL,1,0),(73,29,261,'2017-09-30',NULL,1,0),(74,30,261,'2017-11-10',NULL,1,0),(75,30,259,'2017-11-10',NULL,1,0),(76,30,262,'2017-11-10',NULL,1,0),(77,31,259,'2017-11-04',NULL,1,0),(78,31,263,'2017-11-04',NULL,1,0),(79,32,261,'2017-09-01','2018-03-19',1,1),(80,32,262,'2017-09-29','2018-03-19',1,1),(81,32,259,'2017-09-29','2018-03-19',1,1),(82,33,261,'2017-09-23',NULL,1,0),(83,33,259,'2017-09-23',NULL,1,0),(84,34,259,'2018-01-06',NULL,1,0),(85,34,263,'2018-01-06',NULL,1,0),(86,35,259,'2017-09-30',NULL,1,0),(87,35,262,'2017-09-30',NULL,1,0),(88,35,262,'2017-09-30',NULL,1,0),(89,35,261,'2017-09-30',NULL,1,0),(90,36,261,'2018-03-31',NULL,1,0),(91,36,259,'2018-03-31',NULL,1,0),(92,36,262,'2018-03-31',NULL,1,0),(93,36,264,'2018-03-31',NULL,1,0),(94,37,261,'2018-01-27','2018-04-26',1,1),(95,37,259,'2018-01-27','2018-04-26',1,1),(96,38,261,'2017-12-09','2018-04-26',1,1),(97,38,259,'2017-12-09','2018-04-26',1,1),(98,39,259,'2017-10-14','2018-03-31',1,1),(99,39,262,'2017-10-14','2018-03-31',1,1),(100,40,259,'2018-02-10',NULL,1,0),(101,41,262,'2017-10-05',NULL,1,0),(102,41,259,'2017-10-05',NULL,1,0),(103,42,263,'2017-11-10',NULL,1,0),(104,43,263,'2017-11-10',NULL,1,0),(105,45,267,'2017-10-22',NULL,1,0),(106,45,261,'2017-10-22',NULL,1,0),(107,45,259,'2017-10-22',NULL,1,0),(108,46,259,'2017-10-22',NULL,1,0),(109,46,267,'2017-10-22',NULL,1,0),(110,46,261,'2017-10-22',NULL,1,0),(111,47,261,'2017-08-23',NULL,1,0),(112,47,261,'2017-08-23',NULL,1,0),(113,47,259,'2017-08-23',NULL,1,0),(114,48,261,'2017-10-01',NULL,1,0),(115,48,267,'2017-10-01',NULL,1,0),(116,48,259,'2017-10-01',NULL,1,0),(117,48,264,'2017-10-01',NULL,1,0),(118,49,261,'2017-10-01',NULL,1,0),(119,49,267,'2017-10-14',NULL,1,0),(120,49,259,'2017-11-25',NULL,1,0),(121,50,261,'2017-11-10',NULL,1,0),(122,50,267,'2017-11-10',NULL,1,0),(123,50,259,'2017-11-10',NULL,1,0),(124,51,261,'2017-11-18',NULL,1,0),(125,51,267,'2017-08-18',NULL,1,0),(126,51,259,'2017-08-31',NULL,1,0),(127,52,261,'2017-12-07',NULL,1,0),(128,52,259,'2017-12-07',NULL,1,0),(129,52,267,'2017-12-07',NULL,1,0),(130,53,259,'2017-12-16',NULL,1,0),(131,53,261,'2017-12-16',NULL,1,0),(132,53,267,'2017-12-16',NULL,1,0),(133,54,261,'2017-11-11',NULL,1,0),(134,54,259,'2017-11-17',NULL,1,0),(135,54,267,'2017-11-17',NULL,1,0),(136,55,261,'2017-12-09',NULL,1,0),(137,55,259,'2017-12-09',NULL,1,0),(138,55,267,'2017-12-09',NULL,2,0),(139,56,259,'2017-12-09',NULL,1,0),(140,56,267,'2017-12-09',NULL,1,0),(141,56,261,'2017-12-09',NULL,1,0),(142,57,267,'2017-09-29',NULL,1,0),(143,57,261,'2017-09-29',NULL,1,0),(144,57,259,'2017-09-29',NULL,1,0),(145,58,261,'2017-11-04',NULL,1,0),(146,58,267,'2017-11-04',NULL,1,0),(147,58,259,'2017-11-04',NULL,1,0),(148,59,277,'2017-11-11',NULL,1,0),(149,59,267,'2017-11-11',NULL,1,0),(150,59,259,'2017-11-11',NULL,1,0),(151,60,277,'2017-11-11',NULL,1,0),(152,60,267,'2017-11-11',NULL,1,0),(153,60,259,'2017-11-11',NULL,1,0),(154,61,277,'2017-11-25',NULL,1,0),(155,61,267,'2017-11-25',NULL,1,0),(156,61,259,'2017-11-25',NULL,1,0),(157,62,277,'2018-01-06',NULL,1,0),(158,62,267,'2018-01-06',NULL,1,0),(159,62,259,'2018-01-06',NULL,1,0),(160,63,259,'0000-00-00',NULL,1,0),(161,63,277,'0000-00-00',NULL,1,0),(162,63,267,'0000-00-00',NULL,1,0),(163,64,259,'0000-00-00',NULL,1,0),(164,64,277,'0000-00-00',NULL,1,0),(165,64,267,'0000-00-00',NULL,1,0),(166,71,262,'0000-00-00',NULL,1,0),(167,74,279,'0000-00-00',NULL,1,0),(168,74,280,'0000-00-00',NULL,1,0),(169,75,280,'0000-00-00',NULL,1,0),(170,75,279,'0000-00-00',NULL,1,0),(171,76,277,'0000-00-00','2018-04-26',1,1),(172,77,277,'0000-00-00',NULL,1,0),(173,77,262,'0000-00-00',NULL,1,0),(174,78,277,'0000-00-00',NULL,1,0),(175,79,263,'0000-00-00',NULL,1,0),(176,79,280,'0000-00-00',NULL,1,0),(177,80,280,'0000-00-00',NULL,1,0),(178,80,262,'0000-00-00',NULL,1,0),(179,81,280,'0000-00-00',NULL,1,0),(180,82,280,'0000-00-00',NULL,1,0),(181,82,259,'0000-00-00',NULL,1,0),(182,81,259,'0000-00-00',NULL,1,0),(183,81,279,'0000-00-00',NULL,1,0),(184,82,279,'0000-00-00',NULL,1,0),(185,83,259,'0000-00-00',NULL,1,0),(186,83,277,'0000-00-00',NULL,1,0),(187,83,259,'0000-00-00',NULL,1,0),(188,84,280,'0000-00-00',NULL,1,0),(189,84,267,'0000-00-00',NULL,1,0),(190,84,263,'0000-00-00',NULL,1,0),(191,85,267,'0000-00-00',NULL,1,0),(192,85,259,'0000-00-00',NULL,1,0),(193,85,261,'0000-00-00',NULL,1,0),(194,86,261,'0000-00-00','2018-03-26',1,1),(195,86,267,'0000-00-00','2018-03-26',1,1),(196,87,261,'0000-00-00','2018-04-27',1,1),(197,88,261,'0000-00-00',NULL,1,0),(198,88,262,'0000-00-00',NULL,1,0),(199,89,262,'0000-00-00',NULL,1,0),(200,89,277,'0000-00-00',NULL,1,0),(201,90,277,'0000-00-00',NULL,1,0),(202,90,267,'0000-00-00',NULL,1,0),(203,91,277,'0000-00-00',NULL,1,0),(204,91,267,'0000-00-00',NULL,1,0),(205,92,261,'0000-00-00',NULL,1,0),(206,92,267,'0000-00-00',NULL,1,0),(207,93,277,'0000-00-00',NULL,1,0),(208,93,267,'0000-00-00',NULL,1,0),(209,94,277,'0000-00-00',NULL,1,0),(210,94,267,'0000-00-00',NULL,1,0),(211,95,267,'0000-00-00',NULL,1,0),(212,95,277,'0000-00-00',NULL,1,0),(213,96,279,'0000-00-00',NULL,1,0),(214,96,280,'0000-00-00',NULL,1,0),(215,97,280,'0000-00-00',NULL,1,0),(216,98,267,'0000-00-00',NULL,1,0),(217,99,267,'0000-00-00',NULL,1,0),(218,100,289,'0000-00-00',NULL,1,0),(219,100,280,'0000-00-00',NULL,1,0),(220,100,264,'0000-00-00',NULL,1,0),(221,101,289,'0000-00-00','2018-03-26',1,1),(222,102,289,'0000-00-00',NULL,1,0),(223,103,289,'0000-00-00',NULL,1,0),(224,103,280,'0000-00-00',NULL,1,0),(225,104,280,'0000-00-00',NULL,1,0),(226,104,279,'0000-00-00',NULL,1,0),(227,104,289,'0000-00-00',NULL,1,0),(228,105,289,'0000-00-00',NULL,1,0),(229,105,277,'0000-00-00',NULL,1,0),(230,105,262,'0000-00-00',NULL,1,0),(231,106,267,'0000-00-00',NULL,1,0),(232,107,267,'0000-00-00',NULL,1,0),(233,108,262,'0000-00-00','2018-03-26',1,1),(234,108,289,'0000-00-00','2018-03-26',1,1),(235,109,262,'0000-00-00',NULL,1,0),(236,109,289,'0000-00-00',NULL,1,0),(237,110,262,'0000-00-00',NULL,1,0),(238,110,289,'0000-00-00',NULL,1,0),(239,111,263,'2019-02-26',NULL,1,0),(240,111,280,'2019-02-26',NULL,1,0),(241,112,280,'2019-01-18',NULL,1,0),(242,117,267,'2025-01-18',NULL,1,0),(243,118,267,'2019-02-28',NULL,1,0),(244,119,262,'2025-11-10',NULL,2,0),(245,119,261,'2025-11-10',NULL,1,0),(246,119,289,'2025-11-10',NULL,1,0),(247,118,261,'2019-02-28',NULL,1,0),(248,118,289,'2019-02-28',NULL,1,0),(249,117,289,'2025-01-18',NULL,1,0),(250,117,261,'2025-01-18',NULL,1,0),(251,120,267,'2019-03-14',NULL,1,0),(252,120,263,'2019-03-14',NULL,1,0),(253,120,289,'2019-03-14',NULL,1,0),(254,120,277,'2019-03-14',NULL,1,0),(255,121,262,'2019-02-26',NULL,2,0),(256,121,277,'2019-02-26',NULL,1,0),(257,121,289,'2019-02-26',NULL,1,0),(258,122,261,'2025-09-26',NULL,1,0),(259,122,262,'2025-09-26',NULL,1,0),(260,122,289,'2025-09-26',NULL,1,0),(261,123,262,'2025-04-28',NULL,1,0),(262,123,289,'2025-04-28',NULL,1,0),(263,123,277,'2025-04-28',NULL,1,0),(264,124,263,'2025-02-25',NULL,1,0),(265,124,280,'2025-02-25',NULL,1,0),(266,125,280,'2025-04-14',NULL,1,0),(267,126,259,'2019-09-21',NULL,1,0),(268,126,267,'2019-09-21',NULL,1,0),(269,126,261,'2019-09-21',NULL,1,0),(270,127,280,'2019-08-06',NULL,1,0),(271,127,263,'2019-08-06',NULL,1,0),(272,128,262,'2019-03-08',NULL,1,0),(273,128,289,'2019-03-08',NULL,1,0),(274,128,277,'2019-03-08',NULL,1,0),(275,129,261,'2019-02-13',NULL,1,0),(276,129,289,'2019-02-13',NULL,1,0),(277,129,262,'2019-02-13',NULL,1,0),(278,130,277,'2019-02-01',NULL,1,0),(279,130,262,'2019-02-01',NULL,1,0),(280,130,289,'2019-02-01',NULL,1,0),(281,131,289,'2025-01-24',NULL,1,0),(282,131,262,'2025-01-24',NULL,1,0),(283,131,277,'2025-01-24',NULL,1,0),(284,132,289,'2019-01-15',NULL,1,0),(285,132,262,'2019-01-15',NULL,1,0),(286,132,277,'2019-01-15',NULL,1,0),(287,133,277,'2025-11-06',NULL,1,0),(288,133,262,'2025-11-06',NULL,1,0),(289,133,289,'2025-11-06',NULL,1,0),(290,134,289,'2025-10-20','2018-05-18',1,1),(291,134,277,'2025-10-20','2018-05-18',1,1),(292,134,262,'2025-10-20','2018-05-18',1,1),(293,135,262,'2019-02-27',NULL,1,0),(294,135,267,'2019-02-27',NULL,1,0),(295,135,289,'2019-02-27',NULL,1,0),(296,136,263,'2019-03-18',NULL,1,0),(297,137,267,'2019-03-21',NULL,1,0),(298,137,289,'2019-03-21',NULL,1,0),(299,138,262,'2019-03-11',NULL,1,0),(300,138,289,'2019-03-11',NULL,1,0),(301,138,277,'2019-03-11',NULL,1,0),(302,139,262,'2019-03-01',NULL,2,0),(303,139,277,'2019-03-01',NULL,1,0),(304,139,289,'2019-03-01',NULL,1,0),(305,140,262,'2019-03-21',NULL,2,0),(306,140,277,'2019-03-21',NULL,1,0),(307,140,289,'2019-03-21',NULL,1,0),(308,141,277,'2019-03-22',NULL,1,0),(309,141,267,'2019-03-22',NULL,1,0),(310,141,289,'2019-03-22',NULL,1,0),(311,142,262,'2025-09-11',NULL,2,0),(312,142,277,'2025-09-11',NULL,1,0),(313,142,289,'2025-09-11',NULL,1,0),(314,143,262,'2025-01-29',NULL,2,0),(315,143,277,'2025-01-29',NULL,1,0),(316,143,289,'2025-01-29',NULL,1,0),(317,144,277,'2019-01-29',NULL,1,0),(318,144,262,'2019-01-29',NULL,2,0),(319,144,289,'2019-01-29',NULL,1,0),(320,145,277,'2019-12-29',NULL,1,0),(321,145,289,'2019-12-29',NULL,1,0),(322,145,262,'2019-12-29',NULL,1,0),(323,146,267,'2019-03-25','2018-05-09',2,2),(324,146,289,'2019-03-25','2018-05-09',1,1),(325,146,277,'2019-03-25','2018-05-09',1,1),(326,147,289,'2019-01-21',NULL,1,0),(327,147,267,'2019-01-21',NULL,1,0),(328,148,277,'2019-03-24',NULL,1,0),(329,148,289,'2019-03-24',NULL,2,0),(330,148,289,'2019-03-24',NULL,1,0),(331,149,267,'0000-00-00',NULL,1,0),(332,149,261,'0000-00-00',NULL,1,0),(333,150,262,'2019-03-21',NULL,2,0),(334,150,261,'2019-03-21',NULL,1,0),(335,150,289,'2019-03-21',NULL,1,0),(336,151,261,'2018-03-27',NULL,1,0),(337,151,259,'2018-03-27',NULL,1,0),(338,151,267,'2018-03-28',NULL,1,0),(339,152,261,'2019-04-06',NULL,1,0),(340,152,259,'2019-04-06',NULL,1,0),(341,152,289,'2019-04-06',NULL,1,0),(342,153,264,'0000-00-00',NULL,1,0),(343,154,267,'0000-00-00',NULL,1,0),(344,154,259,'0000-00-00',NULL,1,0),(345,154,261,'0000-00-00',NULL,1,0),(346,155,259,'0000-00-00',NULL,1,0),(347,155,261,'0000-00-00',NULL,1,0),(348,156,259,'0000-00-00',NULL,1,0),(349,156,261,'0000-00-00',NULL,1,0),(350,157,289,'2019-04-26',NULL,1,0),(351,157,261,'2019-04-26',NULL,1,0),(352,158,289,'2019-04-26',NULL,1,0),(353,158,261,'2019-04-26',NULL,1,0),(354,159,263,'0000-00-00',NULL,1,0),(355,164,263,'0000-00-00',NULL,1,0),(356,167,289,'0000-00-00',NULL,1,0),(357,167,267,'0000-00-00',NULL,2,0),(358,167,261,'0000-00-00',NULL,1,0),(359,170,259,'0000-00-00',NULL,1,0),(360,171,289,'2018-05-23',NULL,3,0),(361,171,261,'2018-05-24',NULL,1,0);
/*!40000 ALTER TABLE `item_borrow_detail` ENABLE KEYS */;
UNLOCK TABLES;

--
-- Table structure for table `items`
--

DROP TABLE IF EXISTS `items`;
/*!40101 SET @saved_cs_client     = @@character_set_client */;
/*!40101 SET character_set_client = utf8 */;
CREATE TABLE `items` (
  `item_id` int(5) NOT NULL AUTO_INCREMENT,
  `item_code` varchar(50) NOT NULL,
  `cat_id` int(5) NOT NULL,
  `item_name` varchar(160) NOT NULL,
  `item_sn` varchar(255) DEFAULT NULL,
  `item_tag_number` varchar(255) DEFAULT NULL,
  `location` varchar(255) DEFAULT NULL,
  `item_status` int(2) DEFAULT '0',
  `maintenance_status` int(2) DEFAULT '0',
  `maintenance_previous_date` date DEFAULT NULL,
  `maintenance_next_date` date DEFAULT NULL,
  `item_calibration_status` int(2) DEFAULT '0',
  `item_start_date` date DEFAULT NULL,
  `item_expired_date` date DEFAULT NULL,
  `item_material_status` int(2) DEFAULT NULL,
  `borrow_start_date` date DEFAULT NULL,
  `borrow_end_date` date DEFAULT NULL,
  `borrow_return_date` date DEFAULT NULL,
  `borrow_userid` bigint(100) DEFAULT NULL,
  `item_description` text NOT NULL,
  `item_image_name` varchar(50) DEFAULT NULL,
  `item_image_type` varchar(4) DEFAULT NULL,
  `item_remark` text,
  `measurement_id` int(11) DEFAULT NULL,
  `service_tag` varchar(20) DEFAULT NULL,
  `express_service` varchar(20) DEFAULT NULL,
  `machine_type` varchar(20) DEFAULT NULL,
  `model` varchar(45) DEFAULT NULL,
  `operating_system` varchar(45) DEFAULT NULL,
  `processor` varchar(15) DEFAULT NULL,
  `memory` varchar(10) DEFAULT NULL,
  `hdd` varchar(10) DEFAULT NULL,
  `vga` varchar(15) DEFAULT NULL,
  `computer_name` varchar(20) DEFAULT NULL,
  `warranty_status` int(2) DEFAULT NULL,
  `start_warranty` date DEFAULT NULL,
  `end_warranty` date DEFAULT NULL,
  `product_key_windows` varchar(100) DEFAULT NULL,
  `product_key_office` varchar(100) DEFAULT NULL,
  `product_key_others` varchar(100) DEFAULT NULL,
  `predecessor` longtext,
  `accessories` int(2) DEFAULT '0',
  PRIMARY KEY (`item_id`)
) ENGINE=InnoDB AUTO_INCREMENT=301 DEFAULT CHARSET=utf8;
/*!40101 SET character_set_client = @saved_cs_client */;

--
-- Dumping data for table `items`
--

LOCK TABLES `items` WRITE;
/*!40000 ALTER TABLE `items` DISABLE KEYS */;
INSERT INTO `items` VALUES (1,'1231',4,'DELL Latitude E5440',NULL,NULL,NULL,0,0,NULL,NULL,0,NULL,NULL,1,NULL,NULL,NULL,NULL,'DELL Latitude E5440',NULL,NULL,NULL,0,'DVC2M12','30192899078','LAPTOP','DELL Latitude E5440','Windows 7 64Bit Dell License','Core i5','4 GB','500 GB','0','WEINBDVC2M12',0,NULL,NULL,'Windows 8 Pro','V7QKV-4XVVR-XYV4D-F7DFM-8R6BM','','(9)JAYA PRKASAN(02-1415) Jacky F RATURANDANG',0),(2,'1232',1,'DELL Latitude E6330',NULL,NULL,NULL,0,NULL,NULL,NULL,NULL,NULL,NULL,1,NULL,NULL,NULL,NULL,'DELL Latitude E6330',NULL,NULL,NULL,1,'2C854X1','5092835365','LAPTOP','DELL Latitude E6330','Windows 7 32Bit Dell License','Core i5','4 GB','500 GB','0','WEINB2C854X1',1,'1970-01-01','1970-01-01','Windows 7 Pro OA | Product Key : 38DYP-MMXHH-MCFDQ-FDTG7-4HTPM','V7QKV-4XVVR-XYV4D-F7DFM-8R6BM',NULL,'CYPRIANA ex Daeng Yundra (02-1971)\nSELLE PAALLOAN',0),(3,'1233',1,'XPS M1330 M1330',NULL,NULL,NULL,0,NULL,NULL,NULL,NULL,NULL,NULL,1,NULL,NULL,NULL,NULL,'XPS M1330 M1330',NULL,NULL,NULL,1,'4DC712S','9513673012','LAPTOP','XPS M1330 M1330','Windows VISTA','0','0','0','0','4DC712S',0,'1970-01-01','1970-01-01','Windows VISTA Vista Business | Product Key :','0',NULL,'Stolen',0),(4,'1234',1,'Dell Inspiron 530',NULL,NULL,NULL,0,NULL,NULL,NULL,NULL,NULL,NULL,1,NULL,NULL,NULL,NULL,'Dell Inspiron 530',NULL,NULL,NULL,1,'743GT1S','15485164048','DESKTOP','Dell Inspiron 530','Windows VISTA','Dual Core','4 GB','320 GB','0','WEIPC743GT1S',0,'1970-01-01','1970-01-01','0','0',NULL,'check where',0),(5,'1235',1,'DELL Optiplex 390',NULL,NULL,NULL,0,NULL,NULL,NULL,NULL,NULL,NULL,1,NULL,NULL,NULL,NULL,'DELL Optiplex 390',NULL,NULL,NULL,1,'JPDZB2S','42894001108','DESKTOP','DELL Optiplex 390','Windows 7 64Bit Dell License','Core i3','4 GB','500 GB','0','WEI-AYUPANC-PC',0,'1970-01-01','1970-01-01','Windows 7 Pro OA | Product Key : VVG67-7T4W7-PY6C6-PWR27-J69T7','0',NULL,'0',0),(6,'1236',1,'VOSTRO 3400',NULL,NULL,NULL,0,NULL,NULL,NULL,NULL,NULL,NULL,1,NULL,NULL,NULL,NULL,'VOSTRO 3400',NULL,NULL,NULL,1,'B1BDXM1','24024197737','LAPTOP','VOSTRO 3400','Windows VISTA','Dual Core','2 GB','0','0','damaged',0,'1970-01-01','1970-01-01','Windows 7 Pro OA | Product Key : MPF3D-CY6PP-4W4Qj-4XDC9-CJ6KB','0',NULL,'Repaired ex (02-2418)MANASTER RAJAGUKGUK\nex SUDHAGAR KARUNA  - SG - LT039 - From SG',0),(7,'1237',1,'DELL Latitude E6420',NULL,NULL,NULL,0,NULL,NULL,NULL,NULL,NULL,NULL,1,NULL,NULL,NULL,NULL,'DELL Latitude E6420',NULL,NULL,NULL,1,'GH294R1','35860227661','LAPTOP','DELL Latitude E6420','0','Core i5','6 GB','500 GB','0','damaged',0,'1970-01-01','1970-01-01','Windows 7 Pro OA | Product Key : W7YYW-P28BD-488HC-CRR3X-JCWMB','V7QKV-4XVVR-XYV4D-F7DFM-8R6BM',NULL,'(02-984)NANIK HANDAYANI',0),(8,'1238',1,'DELL Latitude E6410',NULL,NULL,NULL,0,NULL,NULL,NULL,NULL,NULL,NULL,1,NULL,NULL,NULL,NULL,'DELL Latitude E6410',NULL,NULL,NULL,1,'9W7M0M1','21538743193','LAPTOP','DELL Latitude E6410','Windows 7 64Bit Dell License','Core i5','4 GB','500 GB','0','damaged',0,'1970-01-01','1970-01-01','Windows 7 Pro OA | Product Key : CVWMV-H26JB-VXG42-2G667-94G6B','0',NULL,'(02-659)EFRIADI',0),(9,'1239',1,'DELL Latitude E6320',NULL,NULL,NULL,0,NULL,NULL,NULL,NULL,NULL,NULL,1,NULL,NULL,NULL,NULL,'DELL Latitude E6320',NULL,NULL,NULL,1,'GTRKBS1','36628334497','LAPTOP','DELL Latitude E6320','Windows 7 32Bit OEM License','Core i5','3 GB','320 GB','0','damaged',0,'1970-01-01','1970-01-01','Windows 7 Pro OA | Product Key : 7MKPT-TDC9K-B44V2-29VCW-PYFRY','0',NULL,'ex (02-3204) ARISMAN ex (3234)FARID HARDI\nex (02-2937) BARINGIN ASIDO ARITONANG\nex (02-1874) REYNO AUGUSETYA',0),(10,'1240',1,'DELL Latitude E5430',NULL,NULL,NULL,0,NULL,NULL,NULL,NULL,NULL,NULL,1,NULL,NULL,NULL,NULL,'DELL Latitude E5430',NULL,NULL,NULL,1,'JFBSWW1','42285681793','LAPTOP','DELL Latitude E5430','Windows 7 64Bit Dell License','Core i5','4 GB','500 GB','0','WEINBJFBSWW1',1,'1970-01-01','1970-01-01','Windows 7 Pro OA | Product Key : YT678-CKC6C-WBKJV-3YMHJ-FFDH4','0',NULL,'Spare ex ( 02-1015 ) JOKO SUSANTO PASARIBU',0),(11,'1241',1,'DELL Latitude E5430',NULL,NULL,NULL,0,NULL,NULL,NULL,NULL,NULL,NULL,1,NULL,NULL,NULL,NULL,'DELL Latitude E5430',NULL,NULL,NULL,1,'82Z0ZW1','0','LAPTOP','DELL Latitude E5430','Windows 7 32Bit Dell License','Core i5','4 GB','500 GB','0','CYPRIANA',1,'1970-01-01','1970-01-01','0','0',NULL,'ex CYPRIANA',0),(12,'1242',1,'DELL Latitude E5410',NULL,NULL,NULL,0,NULL,NULL,NULL,NULL,NULL,NULL,1,NULL,NULL,NULL,NULL,'DELL Latitude E5410',NULL,NULL,NULL,1,'4BKDXM1','9406499689','LAPTOP','DELL Latitude E5410','Windows 7 64Bit Dell License','Core i5','4 GB','250 GB','0','WEI-RAMUSUP-NB',0,'1970-01-01','1970-01-01','Windows 7 Pro OA | Product Key : 7KX9B-XB7PV-69MPV-C44WM-226DK','0',NULL,'( 02-3212) TARUBAR VERMONT SITUMORANG\n(02-1244) GUNAWAN',0),(13,'1243',1,'Dell Latitude E5410',NULL,NULL,NULL,0,NULL,NULL,NULL,NULL,NULL,NULL,1,NULL,NULL,NULL,NULL,'Dell Latitude E5410',NULL,NULL,NULL,1,'2ZJK7N1','6502736557','LAPTOP','Dell Latitude E5410','Windows 7 64 bit Dell License','Core i5','4GB','500 GB','0','WEI-WISELIN-NB',0,'1970-01-01','1970-01-01','Windows 7 Pro OA | Product Key : 78CKJ-QDHFX-2XGVY-XFJYB-BWP3D','0',NULL,'Spare Fransiskus (02-3233) Ex Wiselin',0),(14,'1244',1,'DELL Optiplex 3020',NULL,NULL,NULL,0,NULL,NULL,NULL,NULL,NULL,NULL,1,NULL,NULL,NULL,NULL,'DELL Optiplex 3020',NULL,NULL,NULL,1,'CJ7YQ12','27283622726','DESKTOP','DELL Optiplex 3020','Windows 7 64Bit Dell License','Core i5','8 GB','1 TB','0','WEIPCCJ7YQ12',1,'1970-01-01','1970-01-01','Windows 8 Pro','0',NULL,'ex (02-3154) YANUAR SUPRIADI ex\n(02-2304) CHANDRA ABADI PUTRA',0),(15,'1245',1,'DELL Optiplex 3020',NULL,NULL,NULL,0,NULL,NULL,NULL,NULL,NULL,NULL,1,NULL,NULL,NULL,NULL,'DELL Optiplex 3020',NULL,NULL,NULL,1,'B06XQ12','23956256774','DESKTOP','DELL Optiplex 3020','Windows 7 64Bit Dell License','Core i5','4 GB','1 TB','0','WEIPCB06XQ12',1,'1970-01-01','1970-01-01','Windows 8 Pro','0',NULL,'BORROW QC for CLIENT SAIPEM SCHNEIDER\nEx Anthoni Rizkan (02-3174)\nex (02-1431) Hasan Asngari',0),(16,'1246',1,'DELL Optiplex 3020',NULL,NULL,NULL,0,NULL,NULL,NULL,NULL,NULL,NULL,1,NULL,NULL,NULL,NULL,'DELL Optiplex 3020',NULL,NULL,NULL,1,'6W5XQ12','15005583110','DESKTOP','DELL Optiplex 3020','Windows 7 64Bit Dell License','Core i5','4 GB','1 TB','0','WEIPC6W5XQ12',1,'1970-01-01','1970-01-01','0','0',NULL,'ex (02-231) ANANTO YUDI WINARNO\nex(02-2300) LEDY PUTRIKA SITORUS',0),(17,'1247',1,'DELL Optiplex 3020',NULL,NULL,NULL,0,NULL,NULL,NULL,NULL,NULL,NULL,1,NULL,NULL,NULL,NULL,'DELL Optiplex 3020',NULL,NULL,NULL,1,'5M7YQ12','12227544902','DESKTOP','DELL Optiplex 3020','Windows 7 64Bit Dell License','Core i5','4 GB','1 TB','0','WEIPC5M7YQ12',1,'1970-01-01','1970-01-01','0','0',NULL,'ex (02-3136) DEVI GUNAWAN TAMPUBOLON\nex (02-1555) SUSI MANURUNG',0),(18,'1248',1,'DELL Optiplex 3020',NULL,NULL,NULL,0,NULL,NULL,NULL,NULL,NULL,NULL,1,NULL,NULL,NULL,NULL,'DELL Optiplex 3020',NULL,NULL,NULL,1,'2J7YQ12','5515799366','DESKTOP','DELL Optiplex 3020','Windows 7 64Bit Dell License','Core i5','8 GB','1 TB','0','WEIPC2J7YQ12',1,'1970-01-01','1970-01-01','0','0',NULL,'0',0),(19,'1249',1,'DELL Optiplex 390',NULL,NULL,NULL,0,NULL,NULL,NULL,NULL,NULL,NULL,1,NULL,NULL,NULL,NULL,'DELL Optiplex 390',NULL,NULL,NULL,1,'3RWBB2S','8217209044','DESKTOP','DELL Optiplex 390','Windows 7 64Bit Dell License','Core i3','4 GB','500 GB','0','WEIPC3RWBB2S',0,'1970-01-01','1970-01-01','0','0',NULL,'ex Anak Magang\nEx (02-2019)MISNAWATI PURBA\nex (02-182) DADANG FAUZAN',0),(20,'1250',1,'DELL Optiplex 790',NULL,NULL,NULL,0,NULL,NULL,NULL,NULL,NULL,NULL,1,NULL,NULL,NULL,NULL,'DELL Optiplex 790',NULL,NULL,NULL,1,'BW28B2S','25883270164','DESKTOP','DELL Optiplex 790','Windows 7 64Bit OEM License','Core i5','4 GB','500 GB','0','WEIPCBW28B2S',0,'1970-01-01','1970-01-01','Windows 7 Pro OA | Product Key : C8H6D-TQYBR-YPKDB-K6D6C-KX3TF','0',NULL,'ex BENI ARIEF',0),(21,'1251',1,'DELL Latitude 5420',NULL,NULL,NULL,0,NULL,NULL,NULL,NULL,NULL,NULL,1,NULL,NULL,NULL,NULL,'DELL Latitude 5420',NULL,NULL,NULL,1,'134K5S1','2365839937','LAPTOP','DELL Latitude 5420','Windows 7 64 bit Dell License','Core I5','4GB','500 GB','0','WEI-INDHIDA-PC',0,'1970-01-01','1970-01-01','Windows 7 Pro OA | Product Key : J2BPP-Y49MJ-TPGH9-3MKFY-BMCTH','0',NULL,'(02-3220) INDAR WAHYU HIDAYAT\nRINI',0),(22,'1252',1,'DELL Latitude E6410',NULL,NULL,NULL,0,NULL,NULL,NULL,NULL,NULL,NULL,1,NULL,NULL,NULL,NULL,'DELL Latitude E6410',NULL,NULL,NULL,1,'HXWZTM1','39056102569','LAPTOP','DELL Latitude E6410','Windows XP Profesional','Core i5','4 GB','500 GB','0','WEINBHXWZTM1',0,'1970-01-01','1970-01-01','Windows 7 Pro OA | Product Key : BKWV8-KB3QD-R49MM-THYMF-7TK2H','0',NULL,'ex VIENDRA',0),(23,'1253',1,'DELL Latitude E6320',NULL,NULL,NULL,0,NULL,NULL,NULL,NULL,NULL,NULL,1,NULL,NULL,NULL,NULL,'DELL Latitude E6320',NULL,NULL,NULL,1,'HVRKBS1','38926049185','LAPTOP','DELL Latitude E6320','Windows 7 64Bit Dell License','Core i5','4 GB','500 GB','0','WEINBHVRKBS1',0,'1970-01-01','1970-01-01','Windows 7 Pro OA | Product Key : YKVFH-QV4QJ-29GRP-DQPMH-HGY8G','2RQ6Y-H2YT3-4WW7R-8QMX4-TKVKV',NULL,'ex ARIF BUDIMAN, AGUS RIYADI',0),(24,'1254',1,'DELL Latitude E5440',NULL,NULL,NULL,0,NULL,NULL,NULL,NULL,NULL,NULL,1,NULL,NULL,NULL,NULL,'DELL Latitude E5440',NULL,NULL,NULL,1,'9BKGP12','0','LAPTOP','DELL Latitude E5440','Windows 7 64Bit Dell License','Core i5','4 GB','500 GB','0','WEINB9BKGP12',1,'1970-01-01','1970-01-01','Windows 8 Pro OA','0',NULL,'(02-173)) RINI FEBRINI\n(02-4027) Ravi Chakkarabani\nZulkarnaen Modec',0),(25,'1255',1,'DELL Latitude E5440',NULL,NULL,NULL,0,NULL,NULL,NULL,NULL,NULL,NULL,1,NULL,NULL,NULL,NULL,'DELL Latitude E5440',NULL,NULL,NULL,1,'C46HF12','26374143062','LAPTOP','DELL Latitude E5440','Windows 7 64Bit Dell License','Core i5','4 GB','500 GB','','WEINBC46HF12',1,'1970-01-01','1970-01-01','0','MFK7Q-9RXBH-RDW8D-4C6FX-D6CBQ',NULL,'(02-3163)ABDUL AZIZ  ex\n(02-3141)Roni ex\nARIFIN WIDODO (Modec Client)',0),(26,'1256',1,'DELL Latitude E5440',NULL,NULL,NULL,0,NULL,NULL,NULL,NULL,NULL,NULL,1,NULL,NULL,NULL,NULL,'DELL Latitude E5440',NULL,NULL,NULL,1,'J5TGXZ1','41710694653','LAPTOP','DELL Latitude E5440','Windows 7 64Bit Dell License','Core i5','4 GB','500 GB','0','WEINBJ5TGXZ1',1,'2016-03-28','2017-03-28','Windows 7 Pro OA | Product Key : VT888-QPK9X-46RYH-C63MY-3TYRD','V7QKV-4XVVR-XYV4D-F7DFM-8R6BM',NULL,'(02-659)EFRIADI',0),(27,'1257',1,'DELL Latitude E5440',NULL,NULL,NULL,0,NULL,NULL,NULL,NULL,NULL,NULL,1,NULL,NULL,NULL,NULL,'DELL Latitude E5440',NULL,NULL,NULL,1,'F3QDG12','32877430886','LAPTOP','DELL Latitude E5440','Windows 7 64Bit Dell License','Core i5','4 GB','500 GB','0','WEINBF3QDG12',1,'1970-01-01','1970-01-01','Windows 7 Pro OA | Product Key : BTJBT-66MJH-RR27Q-RR3JJ-DYG9T','V7QKV-4XVVR-XYV4D-F7DFM-8R6BM',NULL,'(1425) ARIF BUDIMAN A',0),(28,'1258',1,'DELL Latitude E5440',NULL,NULL,NULL,0,NULL,NULL,NULL,NULL,NULL,NULL,1,NULL,NULL,NULL,NULL,'DELL Latitude E5440',NULL,NULL,NULL,1,'DL2ZF12','29572971734','LAPTOP','DELL Latitude E5440','Windows 7 64Bit Dell License','Core i5','4 GB','500 GB','0','WEINBDL2ZF12',1,'2015-06-18','2017-06-18','Windows 7 Pro OA | Product Key : 6VQC6-FDDC7-K67D2-JYKX3-T2QCC','V7QKV-4XVVR-XYV4D-F7DFM-8R6BM',NULL,'(02-3160) SELLA ADINDA SESSAR\n(02-2461)NURSODIK',0),(29,'1259',1,'DELL Latitude E5440',NULL,NULL,NULL,0,NULL,NULL,NULL,NULL,NULL,NULL,1,NULL,NULL,NULL,NULL,'DELL Latitude E5440',NULL,NULL,NULL,1,'CYPDG12','28219855718','LAPTOP','DELL Latitude E5440','Windows 7 64Bit OEM License','Core i5','4 GB','500 GB','0','WEINBCYPDG12',1,'1970-01-01','1970-01-01','Windows 7 Pro OA | Product Key : D6KHT-M7283-GRD7B-WVBY6-KJXTB','MFK7Q-9RXBH-RDW8D-4C6FX-D6CBQ',NULL,'(02-655) Firdaus\n(02-1461) VICKY ARDIANSYAH\n(02-1326)RAMSES GULTOM',0),(30,'1260',1,'DELL Latitude E5440',NULL,NULL,NULL,0,NULL,NULL,NULL,NULL,NULL,NULL,1,NULL,NULL,NULL,NULL,'DELL Latitude E5440',NULL,NULL,NULL,1,'96TGXZ1','20003337469','LAPTOP','DELL Latitude E5440','Windows 7 64Bit Dell License','Core i5','4 GB','500 GB','0','WEINB96TGXZ1',1,'2015-03-28','2017-03-28','Windows 7 Pro OA | Product Key : YC87M-H429B-XFQG2-GW89M-FV2GQ','V7QKV-4XVVR-XYV4D-F7DFM-8R6BM',NULL,'(02-984)NANIK HANDAYANI',0),(31,'1261',1,'DELL Latitude E5440',NULL,NULL,NULL,0,NULL,NULL,NULL,NULL,NULL,NULL,1,NULL,NULL,NULL,NULL,'DELL Latitude E5440',NULL,NULL,NULL,1,'93QDG12','19816736870','LAPTOP','DELL Latitude E5440','Windows 7 64Bit Dell License','Core i5','4 GB','500 GB','0','WEINB93QDG12',1,'1970-01-01','1970-01-01','Windows 7 Pro OA | Product Key : BWYBP-2D8J9-BDP7Q-V7JCG-GRPFP','2RQ6Y-H2YT3-4WW7R-8QMX4-TKVKV',NULL,'Wiselin\n(02-2380) Dina Ponesa',0),(32,'1262',1,'DELL Latitude E5440',NULL,NULL,NULL,0,NULL,NULL,NULL,NULL,NULL,NULL,1,NULL,NULL,NULL,NULL,'DELL Latitude E5440',NULL,NULL,NULL,1,'7L2ZF12','16512277718','LAPTOP','DELL Latitude E5440','Windows 7 64Bit Dell License','Core i5','4 GB','500 GB','0','WEINB7L2ZF12',1,'2016-06-18','1970-01-01','Windows 7 Pro OA | Product Key :  W2CWG-XD266-XCHVK-B29PD-7VRGH','0',NULL,'ex (2922)YODY HASAN\n(RIO ANDRIATNO)',0),(33,'1263',1,'DELL Optiplex 3020',NULL,NULL,NULL,0,NULL,NULL,NULL,NULL,NULL,NULL,1,NULL,NULL,NULL,NULL,'DELL Optiplex 3020',NULL,NULL,NULL,1,'FW5XQ12','34596624134','DESKTOP','DELL Optiplex 3020','Windows 7 64Bit Dell License','Core i5','4 GB','1 TB','0','WEI-NURLAILA-PC',1,'1970-01-01','1970-01-01','Windows 8 Pro','0',NULL,'0',0),(34,'1264',1,'DELL Latitude E5440',NULL,NULL,NULL,0,NULL,NULL,NULL,NULL,NULL,NULL,1,NULL,NULL,NULL,NULL,'DELL Latitude E5440',NULL,NULL,NULL,1,'656HF12','13373915222','LAPTOP','DELL Latitude E5440','Windows 7 64Bit Dell License','Core i5','4 GB','500 GB','0','WEINB656HF12',1,'1970-01-01','1970-01-01','Windows 7 Pro OA | Product Key : HXP8F-CY2MH-G8QMW-P9MF4-QRHJH','V7QKV-4XVVR-XYV4D-F7DFM-8R6BM',NULL,'(02-3183) OTTO EFFENDY TAMPUBOLON\nTONI HARTONO (Modec Client)',0),(35,'1265',1,'DELL Latitude E5440',NULL,NULL,NULL,0,NULL,NULL,NULL,NULL,NULL,NULL,1,NULL,NULL,NULL,NULL,'DELL Latitude E5440',NULL,NULL,NULL,1,'56QDG12','11291006054','LAPTOP','DELL Latitude E5440','Windows 7 64Bit Dell License','Core i5','4 GB','500 GB','0','WEINB56QDG12',1,'1970-01-01','1970-01-01','Windows 7 Pro OA | Product Key : 34PT2-PW26P-G6QJC-CJKW9-RQKV4','V7QKV-4XVVR-XYV4D-F7DFM-8R6BM',NULL,'Manaster using in Jangkrik Project ex\n02-1559 (PAULUS)',0),(36,'1266',1,'DELL Latitude E5440',NULL,NULL,NULL,0,NULL,NULL,NULL,NULL,NULL,NULL,1,NULL,NULL,NULL,NULL,'DELL Latitude E5440',NULL,NULL,NULL,1,'408HF12','8721378902','LAPTOP','DELL Latitude E5440','Windows 7 64Bit Dell License','Core i5','4 GB','500 GB','0','WEINB408HF12',1,'1970-01-01','1970-01-01','Windows 7 Pro OA | Product Key :  TRMKP-D4PB8-4QCH7-FGVGR-V6C46','0',NULL,'ARTEMIO PINZON',0),(37,'1267',1,'DELL Latitude E5440',NULL,NULL,NULL,0,NULL,NULL,NULL,NULL,NULL,NULL,1,NULL,NULL,NULL,NULL,'DELL Latitude E5440',NULL,NULL,NULL,1,'38RDG12','7060053350','LAPTOP','DELL Latitude E5440','Windows 7 64Bit Dell License','Core i5','4 GB','500 GB','0','WEINB38RDG12',1,'1970-01-01','1970-01-01','Windows 7 Pro OA | Product Key : 24CDX -G4T6Q-R2T8B-BFQTH-MBMQR','V7QKV-4XVVR-XYV4D-F7DFM-8R6BM',NULL,'(02-3163)ABDUL AZIZ\n(02-3141)Roni ex\nARIFIN WIDODO (Modec Client)',0),(38,'1268',1,'DELL Latitude E5440',NULL,NULL,NULL,0,NULL,NULL,NULL,NULL,NULL,NULL,1,NULL,NULL,NULL,NULL,'DELL Latitude E5440',NULL,NULL,NULL,1,'2PC2M12','5885496326','LAPTOP','DELL Latitude E5440','Windows 7 64Bit OEM License','Core i5','4 GB','500 GB','0','WEINB2PC2M12',1,'2016-12-18','2017-12-18','Windows 8 Pro','V7QKV-4XVVR-XYV4D-F7DFM-8R6BM',NULL,'(02-3166)AMOS\n(02-1246)TRIANI LUMBONTORUAN\n(02-2481) SURYOTO',0),(39,'1269',1,'DELL Latitude E5440',NULL,NULL,NULL,0,NULL,NULL,NULL,NULL,NULL,NULL,1,NULL,NULL,NULL,NULL,'DELL Latitude E5440',NULL,NULL,NULL,1,'1TC2M12','3950578694','LAPTOP','DELL Latitude E5440','Windows 7 64Bit Dell License','Core i5','4 GB','500 GB','0','WEINB1TC2M12',1,'2017-09-17','2017-12-18','Windows 8 Pro','V7QKV-4XVVR-XYV4D-F7DFM-8R6BM',NULL,'(02-3127) TULUS FEBRIAN\nMEDY BASUKI',0),(40,'1270',1,'DELL Latitude E5440',NULL,NULL,NULL,0,NULL,NULL,NULL,NULL,NULL,NULL,1,NULL,NULL,NULL,NULL,'DELL Latitude E5440',NULL,NULL,NULL,1,'1QC2M12','3769180166','LAPTOP','DELL Latitude E5440','Windows 7 64Bit Dell License','Core i5','4 GB','500 GB','0','WEINB1QC2M12',1,'2017-09-17','2017-12-18','Windows 8 Pro','V7QKV-4XVVR-XYV4D-F7DFM-8R6BM',NULL,'(02-2939)EKASYAH RONI\n(02-2494)YOGI PERDANA',0),(41,'1271',1,'DELL Latitude E5430',NULL,NULL,NULL,0,NULL,NULL,NULL,NULL,NULL,NULL,1,NULL,NULL,NULL,NULL,'DELL Latitude E5430',NULL,NULL,NULL,1,'CWJRYY1','28089523369','LAPTOP','DELL Latitude E5430','Windows 7 64Bit Dell License','Core i5','4 GB','500 GB','0','WEINBCWJRYY1',0,'2017-09-17','2017-12-18','Windows 7 Pro OA | Product Key : 7QGYQ-QHH8Q-2MVFC-VGFKC-MDD9D','V7QKV-4XVVR-XYV4D-F7DFM-8R6BM',NULL,'ex AANG',0),(42,'1272',1,'DELL Latitude E5430',NULL,NULL,NULL,0,NULL,NULL,NULL,NULL,NULL,NULL,1,NULL,NULL,NULL,NULL,'DELL Latitude E5430',NULL,NULL,NULL,1,'9N4RWZ1','20989783981','LAPTOP','DELL Latitude E5430','Windows 7 64Bit Dell License','Core i5','4 GB','500 GB','0','WEINB9N4RWZ1',1,'2016-03-16','2017-03-16','Windows 7 Pro OA | Product Key : FG3JH-4GJ7H-QHMP2-9XCR4-DJ6Q2','YBM3C-89JBX-Y8KPH-9RPMD-RWWCQ',NULL,'0',0),(43,'1273',1,'DELL Latitude E5430',NULL,NULL,NULL,0,NULL,NULL,NULL,NULL,NULL,NULL,1,NULL,NULL,NULL,NULL,'DELL Latitude E5430',NULL,NULL,NULL,1,'83YRYY1','17654069161','LAPTOP','DELL Latitude E5430','Windows 7 64Bit Dell License','Core i5','4 GB','500 GB','0','WEINB83YRYY1',1,'1970-01-01','1970-01-01','Windows 7 Pro OA | Product Key : C8Q6H-VV8Q8-G8G9W-MVKW3-2RPJK','YBM3C-89JBX-Y8KPH-9RPMD-RWWCQ',NULL,'(02-655) FiRDAUS\n(02-1461) VICKY ARDIANSYAH ex\n(02-1326)RAMSES GULTOM',0),(44,'1274',1,'DELL Latitude E5430',NULL,NULL,NULL,0,NULL,NULL,NULL,NULL,NULL,NULL,1,NULL,NULL,NULL,NULL,'DELL Latitude E5430',NULL,NULL,NULL,1,'1B3RWZ1','2848251565','LAPTOP','DELL Latitude E5430','Windows 7 64Bit Dell License','Core i5','4 GB','500 GB','0','WEINB1B3RWZ1',1,'2016-03-16','2017-03-16','Windows 7 Pro OA | Product Key : P488P-VRM6X-FV2MR-GYXC2-BV7GV','YBM3C-89JBX-Y8KPH-9RPMD-RWWCQ',NULL,'(02-1904) YASIN WIJAYA',0),(45,'1275',1,'DELL Latitude E5420',NULL,NULL,NULL,0,NULL,NULL,NULL,NULL,NULL,NULL,1,NULL,NULL,NULL,NULL,'DELL Latitude E5420',NULL,NULL,NULL,1,'8GJH4S1','18414429553','LAPTOP','DELL Latitude E5420','Windows 7 64Bit Dell License','Core i3','4 GB','320 GB','0','WEINB8GJH4S1',0,'2016-03-16','2017-03-16','Windows 7 Pro OA | Product Key : 9FMKD - 2WJWJ-HPBFK-JTR8X-BKJ39','V7QKV-4XVVR-XYV4D-F7DFM-8R6BM',NULL,'0',0),(46,'1276',1,'DELL Latitude E5410',NULL,NULL,NULL,0,NULL,NULL,NULL,NULL,NULL,NULL,1,NULL,NULL,NULL,NULL,'DELL Latitude E5410',NULL,NULL,NULL,1,'FGWR9N1','33674213773','LAPTOP','DELL Latitude E5410','Windows 7 32Bit Dell License','Core i5','3 GB','250 GB','0','WEI-RINFEBR-NB',0,'2016-03-16','2017-03-16','Windows 7 Pro OA | Product Key : V23F3-47W22-72H67-W8KVV-JWKDH','V7QKV-4XVVR-XYV4D-F7DFM-8R6BM',NULL,'ex INDAR WAHYU HIDAYAT',0),(47,'1277',1,'DELL Latitude E5410',NULL,NULL,NULL,0,NULL,NULL,NULL,NULL,NULL,NULL,1,NULL,NULL,NULL,NULL,'DELL Latitude E5410',NULL,NULL,NULL,1,'DGWR9N1','29320649101','LAPTOP','DELL Latitude E5410','Windows 7 32Bit Dell License','Core i5','4 GB','500 GB','0','WEI-PUTSATTO-NB',0,'2016-03-16','2017-03-16','Windows 7 Pro OA | Product Key :  KGFHP-RTTJB-2YYYG-HXWJW-H8VPJ','KGFVY-7733B-8WCK9-KTG64-BC7D8',NULL,'(02-1134)PUTUT SIGIT SATOTO',0),(48,'1278',1,'DELL Optiplex 3010',NULL,NULL,NULL,0,NULL,NULL,NULL,NULL,NULL,NULL,1,NULL,NULL,NULL,NULL,'DELL Optiplex 3010',NULL,NULL,NULL,1,'DPYKG2S','29867885668','DESKTOP','DELL Optiplex 3010','Windows 7 64Bit Dell License','Core i3','4 GB','500 GB','0','WEIPCDPYKG2S',1,'2015-02-19','2016-02-19','Windows 7 Pro OA | Product Key : MTB37-JB3QJ-7QBRQ-9Q728-QQCWQ','0',NULL,'ex (02-2284) FAHRIZAL ex (02-406) NASRUL N',0),(49,'1279',1,'DELL Optiplex 3010',NULL,NULL,NULL,0,NULL,NULL,NULL,NULL,NULL,NULL,1,NULL,NULL,NULL,NULL,'DELL Optiplex 3010',NULL,NULL,NULL,1,'9PYKG2S','21160756324','DESKTOP','DELL Optiplex 3010','Windows 7 32Bit Dell License','Core i3','4 GB','1 TB','0','WEIPC9PYKG2S',1,'2015-02-19','2016-02-19','Windows 7 Pro OA | Product Key : JB22G-PHMFG-QK8PC-VTXYP-JCFVW','V7QKV-4XVVR-XYV4D-F7DFM-8R6BM',NULL,'Hardisk ex Suryani ,Problem ex EVI  (02-983)  DEKA RADNA PUTRI',0),(50,'1280',1,'DELL Optiplex 3010',NULL,NULL,NULL,0,NULL,NULL,NULL,NULL,NULL,NULL,1,NULL,NULL,NULL,NULL,'DELL Optiplex 3010',NULL,NULL,NULL,1,'13GSF2S','2386380628','DESKTOP','DELL Optiplex 3010','Windows 7 32Bit OEM License','Core i3','4 GB','500 GB','0','WEIPC13GSF2S',0,'2015-02-19','2016-02-19','Windows 7 Pro OA | Product Key :','V7QKV-4XVVR-XYV4D-F7DFM-8R6BM',NULL,'ex (185)NELLY SUSILAWATI',0),(51,'1281',1,'DELL Optiplex 3020',NULL,NULL,NULL,0,NULL,NULL,NULL,NULL,NULL,NULL,1,NULL,NULL,NULL,NULL,'DELL Optiplex 3020',NULL,NULL,NULL,1,'JK7YQ12','42581565254','DESKTOP','DELL Optiplex 3020','Windows 7 64Bit Dell License','Core i5','4 GB','1 TB','0','JK7YQ12WEIPC',1,'1970-01-01','1970-01-01','Windows 8 Pro','V7QKV-4XVVR-XYV4D-F7DFM-8R6BM',NULL,'ex (02-3265) MIRTHA PERMATASARI EFENDY\nex (02-3016)DEFRI (02-3077)SRI ASTUTI\nex (02-1991) ANGGARA WIRA KUSUMA',0),(52,'1282',1,'DELL Optiplex 3020',NULL,NULL,NULL,0,NULL,NULL,NULL,NULL,NULL,NULL,1,NULL,NULL,NULL,NULL,'DELL Optiplex 3020',NULL,NULL,NULL,1,'HL7YQ12','38288466758','DESKTOP','DELL Optiplex 3020','Windows 7 64Bit Dell License','Core i5','8 GB','1 TB','0','WEIPCHL7YQ12',1,'1970-01-01','1970-01-01','Windows 8 Pro','V7QKV-4XVVR-XYV4D-F7DFM-8R6BM',NULL,'(02-2502) EKO WIBOWO ex\n(02-1480) ADI SUCIPTO',0),(53,'1283',1,'DELL Optiplex 3020',NULL,NULL,NULL,0,NULL,NULL,NULL,NULL,NULL,NULL,1,NULL,NULL,NULL,NULL,'DELL Optiplex 3020',NULL,NULL,NULL,1,'H9GRQ12','37577662598','DESKTOP','DELL Optiplex 3020','Windows 7 64Bit Dell License','Core i5','4 GB','1 TB','0','WEIPCH9GRQ12',1,'2016-06-17','2017-06-17','Windows 8 Pro','0',NULL,'(02-662) SOBARIANDI\nex(02-2252) ADE SYAFRIANI\nex (02-1642) PRITHA YUNIARTI HARINI',0),(54,'1284',1,'DELL Optiplex 3020',NULL,NULL,NULL,0,NULL,NULL,NULL,NULL,NULL,NULL,1,NULL,NULL,NULL,NULL,'DELL Optiplex 3020',NULL,NULL,NULL,1,'G81JW22','35314854410','DESKTOP','DELL Optiplex 3020','Windows 7 64Bit Dell License','Core i5','8 GB','1 TB','0','WEIPCG81JW22',1,'2016-09-29','2017-09-29','Windows 8 Pro','V7QKV-4XVVR-XYV4D-F7DFM-8R6BM',NULL,'spare ex BORROWED BY YINSON CLIENT ex\n(02-1833)PUTIH HATI LAIA',0),(55,'1285',1,'DELL Optiplex 3020',NULL,NULL,NULL,0,NULL,NULL,NULL,NULL,NULL,NULL,1,NULL,NULL,NULL,NULL,'DELL Optiplex 3020',NULL,NULL,NULL,1,'DYH6F02','30382873202','DESKTOP','DELL Optiplex 3020','Windows 7 64Bit Dell License','Core i5','8 GB','1 TB','0','WEIPCDYH6F02',1,'1970-01-01','1970-01-01','Windows 8 Pro','V7QKV-4XVVR-XYV4D-F7DFM-8R6BM',NULL,'ex (02-3240)ROMI FEBRIADI ex\n(02-932)ARIF IHDA PRASETYA',0),(56,'1286',1,'DELL Optiplex 3020',NULL,NULL,NULL,0,NULL,NULL,NULL,NULL,NULL,NULL,1,NULL,NULL,NULL,NULL,'DELL Optiplex 3020',NULL,NULL,NULL,1,'CWK1F02','28089964082','DESKTOP','DELL Optiplex 3020','Windows 7 64Bit Dell License','Core i5','8 GB','1 TB','0','WEIPCCWK1F02',1,'1970-01-01','1970-01-01','0','H78QF-DJ7RC-JJPDB-B3MV6-K87TR',NULL,'(02-3210)FAISAL MUZANA SHAHWALUDIN Ex\nRAHMAD SUSANTO(02-3149)',0),(57,'1287',1,'DELL Optiplex 3020',NULL,NULL,NULL,0,NULL,NULL,NULL,NULL,NULL,NULL,1,NULL,NULL,NULL,NULL,'DELL Optiplex 3020',NULL,NULL,NULL,1,'C9GRQ12','26693750918','DESKTOP','DELL Optiplex 3020','Windows 7 64Bit Dell License','Core i5','4 GB','1 TB','0','WEIPCC9GRQ12',1,'2016-06-17','2017-06-17','Windows 8 Pro','V7QKV-4XVVR-XYV4D-F7DFM-8R6BM',NULL,'spare ex BORROWED BY CLIENT YINSON CLIENT\n(02-1555)SUSI MANURUNG  ex (02-1555)SUSI MANURUNG\nex (02-1300)LISNA SIAHAAN',0),(58,'1288',1,'DELL Optiplex 3020',NULL,NULL,NULL,0,NULL,NULL,NULL,NULL,NULL,NULL,1,NULL,NULL,NULL,NULL,'DELL Optiplex 3020',NULL,NULL,NULL,1,'BR5XQ12','25587163910','DESKTOP','DELL Optiplex 3020','Windows 7 64Bit Dell License','Core i5','4 GB','1 TB','0','WEIPCBR5XQ12',1,'1970-01-01','1970-01-01','Windows 8 Pro','2RQ6Y-H2YT3-4WW7R-8QMX4-TKVKV',NULL,'ex (02-1429) MARLON SARAGIH ex\nKARONO BARKAH',0),(59,'1289',1,'DELL Optiplex 3020',NULL,NULL,NULL,0,NULL,NULL,NULL,NULL,NULL,NULL,1,NULL,NULL,NULL,NULL,'DELL Optiplex 3020',NULL,NULL,NULL,1,'BL7YQ12','25227772742','DESKTOP','DELL Optiplex 3020','Windows 7 64Bit Dell License','Core i5','4 GB','1 TB','0','WEIPCBL7YQ12',1,'1970-01-01','1970-01-01','Windows 8 Pro','V7QKV-4XVVR-XYV4D-F7DFM-8R6BM',NULL,'Spare ex (02-3237)EVA SURYANI SIMANJUNTAK ex\n(02-2791 ) NURLELA',0),(60,'1290',1,'DELL Optiplex 3020',NULL,NULL,NULL,0,NULL,NULL,NULL,NULL,NULL,NULL,1,NULL,NULL,NULL,NULL,'DELL Optiplex 3020',NULL,NULL,NULL,1,'B4L0F02','24221761778','DESKTOP','DELL Optiplex 3020','Windows 7 64Bit Dell License','Core i5','4 GB','500 GB','0','WEIPCB4L0F02',1,'1970-01-01','1970-01-01','W7 Pro Sp 1 \'OEM\' \"CD Key: 32KD2-K9CTF-M3DJT-4J3WC-733WD\"','Ms.Office 2010 Stdr \"V7QKV-4XVVR-XYV4D-F7DFM-8R6BM\"',NULL,'ex (02-1396) BAMBANG BUDI KESUMA\nex (02-1128) ISWANDI - Autocad PK?',0),(61,'1291',1,'DELL Optiplex 3020',NULL,NULL,NULL,0,NULL,NULL,NULL,NULL,NULL,NULL,1,NULL,NULL,NULL,NULL,'DELL Optiplex 3020',NULL,NULL,NULL,1,'9K7YQ12','20813741894','DESKTOP','DELL Optiplex 3020','Windows 7 64Bit Dell License','Core i5','4 GB','1 TB','0','WEIPC9K7YQ12',1,'1970-01-01','1970-01-01','Windows 8 Pro','V7QKV-4XVVR-XYV4D-F7DFM-8R6BM',NULL,'ex (2938)PRADITA RESDIANA SARI',0),(62,'1292',1,'DELL Optiplex 3020',NULL,NULL,NULL,0,NULL,NULL,NULL,NULL,NULL,NULL,1,NULL,NULL,NULL,NULL,'DELL Optiplex 3020',NULL,NULL,NULL,1,'94GRQ12','19861073030','DESKTOP','DELL Optiplex 3020','Windows 7 64Bit Dell License','Core i5','8 GB','1 TB','0','WEIPC94GRQ12',1,'2016-06-17','2017-06-17','Windows 8 Pro','V7QKV-4XVVR-XYV4D-F7DFM-8R6BM',NULL,'ex WACHID RIDWAN ex RECHELLE CLANOR ex\n(02-1433)JOKO MIYANTO',0),(63,'1293',1,'DELL Optiplex 3020',NULL,NULL,NULL,0,NULL,NULL,NULL,NULL,NULL,NULL,1,NULL,NULL,NULL,NULL,'DELL Optiplex 3020',NULL,NULL,NULL,1,'590SQ02','11429447330','DESKTOP','DELL Optiplex 3020','Windows 7 64Bit Dell License','Core i5','4 GB','1 TB','0','WEIPC590SQ02',1,'2016-03-29','2017-03-29','Windows 8 Pro','V7QKV-4XVVR-XYV4D-F7DFM-8R6BM',NULL,'spare(02-1547)JOHANES TAMPUBOLON\nex-(02-1056)ANDRIAN SAPUTRA',0),(64,'1294',1,'DELL Optiplex 3020',NULL,NULL,NULL,0,NULL,NULL,NULL,NULL,NULL,NULL,1,NULL,NULL,NULL,NULL,'DELL Optiplex 3020',NULL,NULL,NULL,1,'4K7YQ12','9929830214','DESKTOP','DELL Optiplex 3020','Windows 7 64Bit Dell License','Core i5','8 GB','1 TB','0','WEIPC4K7YQ12',1,'1970-01-01','1970-01-01','Windows 8 Pro','V7QKV-4XVVR-XYV4D-F7DFM-8R6BM',NULL,'ex (02-1434)ROBERTUS TOFAN ANGGONO',0),(65,'1295',1,'DELL Optiplex 3020',NULL,NULL,NULL,0,NULL,NULL,NULL,NULL,NULL,NULL,1,NULL,NULL,NULL,NULL,'DELL Optiplex 3020',NULL,NULL,NULL,1,'2S5XQ12','6056589062','DESKTOP','DELL Optiplex 3020','Windows 7 64Bit Dell License','Core i5','4 GB','500 GB','0','WEIPC2S5XQ12',1,'1970-01-01','1970-01-01','Windows 8 Pro','V7QKV-4XVVR-XYV4D-F7DFM-8R6BM',NULL,'ex (02-1408)  MAWAN D LUMBAN TORUAN',0),(66,'1296',1,'DELL Optiplex 3020',NULL,NULL,NULL,0,NULL,NULL,NULL,NULL,NULL,NULL,1,NULL,NULL,NULL,NULL,'DELL Optiplex 3020',NULL,NULL,NULL,1,'181JW22','2663119370','DESKTOP','DELL Optiplex 3020','Windows 7 64Bit Dell License','Core i5','8 GB','1 TB','AMD Radeon HD 8','WEIPC181JW22',1,'2015-09-29','2017-09-29','Windows 8 Pro','V7QKV-4XVVR-XYV4D-F7DFM-8R6BM',NULL,'ex (02-182) DADANG FAUZAN\nex(02-1638)LAVIA ESA',0),(67,'1297',1,'DELL Optiplex 390',NULL,NULL,NULL,0,NULL,NULL,NULL,NULL,NULL,NULL,1,NULL,NULL,NULL,NULL,'DELL Optiplex 390',NULL,NULL,NULL,1,'HPDZB2S','38540436436','DESKTOP','DELL Optiplex 390','Windows 7 64Bit Dell License','Core i3','8 GB','500 GB','0','WEIPCHPDZB2S',0,'2015-09-29','2017-09-29','Windows 7 Pro OA | Product Key : PM448-RT2YB-YXRDK-P2TJD-YMWB2','V7QKV-4XVVR-XYV4D-F7DFM-8R6BM',NULL,'(02-550)HENDRA ROCHMAN',0),(68,'1298',1,'DELL Optiplex 390',NULL,NULL,NULL,0,NULL,NULL,NULL,NULL,NULL,NULL,1,NULL,NULL,NULL,NULL,'DELL Optiplex 390',NULL,NULL,NULL,1,'7TJHC2S','17023716964','DESKTOP','DELL Optiplex 390','Windows 7 64Bit Dell License','Core i3','4 GB','320 GB','0','WEIPC7TJHC2S',0,'2015-09-29','2017-09-29','Windows 7 Pro OA | Product Key : J84PX-MWQCR-WJX9X-Y2TFD-F9974','V7QKV-4XVVR-XYV4D-F7DFM-8R6BM',NULL,'(02-3206) BELAN SAFARI\n(02-676)MISRADI',0),(69,'1299',1,'DELL Optiplex 390',NULL,NULL,NULL,0,NULL,NULL,NULL,NULL,NULL,NULL,1,NULL,NULL,NULL,NULL,'DELL Optiplex 390',NULL,NULL,NULL,1,'1QDZB2S','3772385236','DESKTOP','DELL Optiplex 390','Windows 7 64Bit Dell License','Core i3','8 GB','500 GB','0','WEIPC1QDZB2S',0,'2015-09-29','2017-09-29','Windows 7 Pro OA | Product Key : X86VT-PDW9P-PH877-776GX-6JPFG','V7QKV-4XVVR-XYV4D-F7DFM-8R6BM',NULL,'Hartono\n(02-3045)INDRI OKTAVIA PURBA\n(02-849)DANIAR RACHMAN HAKIM',0),(70,'1300',1,'DELL Optiplex 790',NULL,NULL,NULL,0,NULL,NULL,NULL,NULL,NULL,NULL,1,NULL,NULL,NULL,NULL,'DELL Optiplex 790',NULL,NULL,NULL,1,'CFDZB2S','27051862996','DESKTOP','DELL Optiplex 790','Windows 7 64Bit Dell License','Core i5','4 GB','500 GB','0','WEIPCCFDZB2S',0,'2015-09-29','2017-09-29','Windows 7 Pro OA | Product Key : 6Q48Q-3VCFD-WQYHF-368B3-HKP9T','V7QKV-4XVVR-XYV4D-F7DFM-8R6BM',NULL,'ex (02-574) TAMSIR MANURUNG\n(02-643) RUMANTO',0),(71,'1301',1,'DELL Optiplex 790',NULL,NULL,NULL,0,NULL,NULL,NULL,NULL,NULL,NULL,1,NULL,NULL,NULL,NULL,'DELL Optiplex 790',NULL,NULL,NULL,1,'BV28B2S','25822803988','DESKTOP','DELL Optiplex 790','Windows 7 32Bit OEM License','Core i5','8 GB','500 GB','0','WEIPCBV28B2S',0,'2015-09-29','2017-09-29','Windows 7 Pro OA | Product Key : 83D78-WVCV3-CRJK3-CRRJJ-WMMBP','V7QKV-4XVVR-XYV4D-F7DFM-8R6BM',NULL,'ex(02-6423) RUMANTO ex\nBayu Dirghantara',0),(72,'1302',1,'DELL Optiplex 3010',NULL,NULL,NULL,0,NULL,NULL,NULL,NULL,NULL,NULL,1,NULL,NULL,NULL,NULL,'DELL Optiplex 3010',NULL,NULL,NULL,1,'7F31ZY1','16149601081','DESKTOP','DELL Optiplex 3010','Windows 7 64Bit Dell License','Core i5','4 GB','1 TB','0','WEIPC7F31ZY1',1,'2015-10-23','2016-10-23','0','0',NULL,'0',0),(73,'1303',1,'DELL Latitude E5440',NULL,NULL,NULL,0,NULL,NULL,NULL,NULL,NULL,NULL,1,NULL,NULL,NULL,NULL,'DELL Latitude E5440',NULL,NULL,NULL,1,'3R2ZF12','8167945430','LAPTOP','DELL Latitude E5440','Windows 7 64Bit Dell License','Core i5','4 GB','500 GB','0','WEINB3R2ZF12',1,'1970-01-01','1970-01-01','Windows 7 Pro OA | Product Key : YBJ32-KB8RR-J2JB9-MKCHW-48QW4','V7QKV-4XVVR-XYV4D-F7DFM-8R6BM',NULL,'(02-1667)DANI FAZRIN\n(02-2481) SURYOTO\nGumbira Perkasa',0),(74,'1304',1,'DELL Optiplex 390',NULL,NULL,NULL,0,NULL,NULL,NULL,NULL,NULL,NULL,1,NULL,NULL,NULL,NULL,'DELL Optiplex 390',NULL,NULL,NULL,1,'GPDZB2S','36363654100','DESKTOP','DELL Optiplex 390','Windows 7 64Bit Dell License','Core i3','8 GB','500 GB','0','WEIPCGPDZB2S',0,'1970-01-01','1970-01-01','Windows 8 Pro','V7QKV-4XVVR-XYV4D-F7DFM-8R6BM',NULL,'(3286)RELI NOVRIANSYAH\nex 02-3199(Ex Asnawi Samosir) 02-2496 (MUHAMMAD HERLINGGA)',0),(75,'1305',1,'DELL Optiplex 3010',NULL,NULL,NULL,0,NULL,NULL,NULL,NULL,NULL,NULL,1,NULL,NULL,NULL,NULL,'DELL Optiplex 3010',NULL,NULL,NULL,1,'9BYP8X1','20314453861','DESKTOP','DELL Optiplex 3010','Windows 7 32Bit Dell License','Core i3','4 GB','1 TB','0','WEIPC9BYP8X1',1,'2015-05-26','2016-05-26','Windows 7 Pro OA | Product Key : 3W7YV-T632K-G9JXM-C8CTB-TWR2K','MFK7Q-9RXBH-RDW8D-4C6FX-D6CBQ',NULL,'HOLMES NABABN\nFERNANDO',0),(76,'1306',1,'DELL Optiplex 3020',NULL,NULL,NULL,0,NULL,NULL,NULL,NULL,NULL,NULL,1,NULL,NULL,NULL,NULL,'DELL Optiplex 3020',NULL,NULL,NULL,1,'54GRQ12','11153943686','DESKTOP','DELL Optiplex 3020','Windows 7 64Bit Dell License','Core i5','8 GB','1 TB','0','WEI-ANDRIZAL-PC',1,'2016-06-17','2017-06-17','0','0',NULL,'ex (550 ) HENDRA ROCHAMAN\n(2358)RASTONI',0),(77,'1307',1,'DELL Optiplex 3020',NULL,NULL,NULL,0,NULL,NULL,NULL,NULL,NULL,NULL,1,NULL,NULL,NULL,NULL,'DELL Optiplex 3020',NULL,NULL,NULL,1,'3T5XQ12','8293837574','DESKTOP','DELL Optiplex 3020','Windows 7 64Bit Dell License','Core i5','4 GB','500 GB','0','WEIPC3T5XQ12',1,'1970-01-01','1970-01-01','0','V7QKV-4XVVR-XYV4D-F7DFM-8R6BM',NULL,'(3208) ANITA KUSUMA DEWI\n(02-3244)ANDRIANTO NUGROHO\n(02-1063)LISNIATI\n(02-1921) BAMBANG WIJAYA KUSUMA',0),(78,'1308',1,'DELL Optiplex 3020',NULL,NULL,NULL,0,NULL,NULL,NULL,NULL,NULL,NULL,1,NULL,NULL,NULL,NULL,'DELL Optiplex 3020',NULL,NULL,NULL,1,'JSK2F02','43085622386','DESKTOP','DELL Optiplex 3020','Windows 7 64Bit Dell License','Core i5','8 GB','1 TB','0','WEIPCJSK2F02',1,'1970-01-01','1970-01-01','0','0',NULL,'(2251)RIZKI AFRIAH',0),(79,'1309',1,'DELL Optiplex 3020',NULL,NULL,NULL,0,NULL,NULL,NULL,NULL,NULL,NULL,1,NULL,NULL,NULL,NULL,'DELL Optiplex 3020',NULL,NULL,NULL,1,'5J9VQ02','12049365602','DESKTOP','DELL Optiplex 3020','Windows 7 64Bit Dell License','Core i5','8 GB','1 TB','0','WEI-AHMFAUZ-PC',1,'2016-04-15','2017-04-15','Windows 8 Pro','0',NULL,'ex junaidi',0),(80,'1310',1,'DELL Latitude E5440',NULL,NULL,NULL,0,NULL,NULL,NULL,NULL,NULL,NULL,1,NULL,NULL,NULL,NULL,'DELL Latitude E5440',NULL,NULL,NULL,1,'GCMGP12','35591841974','LAPTOP','DELL Latitude E5440','Windows 7 64Bit Dell License','Core i5','4 GB','500 GB','0','WEI-ANJJOSE-NB',1,'1970-01-01','1970-01-01','0','0',NULL,'0',0),(81,'1311',1,'DELL Latitude E5440',NULL,NULL,NULL,0,NULL,NULL,NULL,NULL,NULL,NULL,1,NULL,NULL,NULL,NULL,'DELL Latitude E5440',NULL,NULL,NULL,1,'HFQDG12','37956589670','LAPTOP','DELL Latitude E5440','Windows 7 64Bit Dell License','Core i5','4 GB','500 GB','0','WEI-ANTOSIR-NB',1,'1970-01-01','1970-01-01','0','0',NULL,'(02-183)AZHAR YUMAIDI\nIKA SULIHANAWATI\nDUDDY',0),(82,'1312',1,'DELL Optiplex 3020',NULL,NULL,NULL,0,NULL,NULL,NULL,NULL,NULL,NULL,1,NULL,NULL,NULL,NULL,'DELL Optiplex 3020',NULL,NULL,NULL,1,'1V5XQ12','4061205254','DESKTOP','DELL Optiplex 3020','Windows 7 64Bit Dell License','Core i5','8 GB','1 TB','0','WEI-ARDSOWA-PC',1,'1970-01-01','1970-01-01','0','0',NULL,'0',0),(83,'1313',1,'DELL Optiplex 3010',NULL,NULL,NULL,0,NULL,NULL,NULL,NULL,NULL,NULL,1,NULL,NULL,NULL,NULL,'DELL Optiplex 3010',NULL,NULL,NULL,1,'5LYCNW1','12211399153','DESKTOP','DELL Optiplex 3010','Windows 7 32Bit Dell License','Core i3','4 GB','1 TB','0','ARI',1,'1970-01-01','1970-01-01','Windows 7 Pro OA | Product Key : RHRQ7-BBHV4-WQMX2-FTP3W-6PWPR','0',NULL,'0',0),(84,'1314',1,'DELL Latitude E5440',NULL,NULL,NULL,0,NULL,NULL,NULL,NULL,NULL,NULL,1,NULL,NULL,NULL,NULL,'DELL Latitude E5440',NULL,NULL,NULL,1,'1GTGXZ1','3193740541','LAPTOP','DELL Latitude E5440','Windows 7 64Bit Dell License','Core i5','4 GB','500 GB','0','WEI-ARIFUST-NB',1,'2015-03-29','2017-03-29','0','0',NULL,'0',0),(85,'1315',1,'Precision T3600',NULL,NULL,NULL,0,NULL,NULL,NULL,NULL,NULL,NULL,1,NULL,NULL,NULL,NULL,'Precision T3600',NULL,NULL,NULL,1,'2B6T8X1','5030134885','DESKTOP','Precision T3600','Windows 7 64Bit Dell License','XEON','16 GB','500 GB','0','AMIT',0,'2015-03-29','2017-03-29','0','0',NULL,'0',0),(86,'1316',4,'DELL Latitude E5440',NULL,NULL,NULL,0,0,NULL,NULL,0,NULL,NULL,1,NULL,NULL,NULL,NULL,'DELL Latitude E5440',NULL,NULL,NULL,0,'JJ8HF12','42521971286','LAPTOP','DELL Latitude E5440','Windows 7 64Bit Dell License','Core i5','4 GB','500 GB','0','WEINBJJ8HF12',1,'1970-01-01','1970-01-01','Windows 7 Pro OA | Product Key : TRMKP-D4PB8-4QCH7-FGVGR-46C46','V7QKV-4XVVR-XYV4D-F7DFM-8R6BM','','(400003) ARTEMIO PINZON (02-1573)REFICO APRI KISTIONO',0),(87,'1317',4,'DELL Optiplex 3020',NULL,NULL,NULL,0,0,NULL,NULL,0,NULL,NULL,1,NULL,NULL,NULL,NULL,'DELL Optiplex 3020',NULL,NULL,NULL,0,'HP5XQ12','38526925574','DESKTOP','DELL Optiplex 3020','Windows 7 64Bit Dell License','Core i5','8 GB','1 TB','AMD ATI RADEON ','WEI-BENIARIE-PC',1,'1970-01-01','1970-01-01','Windows 8 Pro','0','','(1461) VICKY ARDIYANSYAH',0),(88,'1318',1,'DELL Optiplex 3020',NULL,NULL,NULL,0,NULL,NULL,NULL,NULL,NULL,NULL,1,NULL,NULL,NULL,NULL,'DELL Optiplex 3020',NULL,NULL,NULL,1,'BS5XQ12','25647630086','DESKTOP','DELL Optiplex 3020','Windows 7 64Bit Dell License','Core i5','4 GB','1 TB','0','WEI-FITRIANI-PC',1,'1970-01-01','1970-01-01','Windows 8 Pro','0',NULL,'ex Fitriani',0),(89,'1319',1,'DELL Latitude E5440',NULL,NULL,NULL,0,NULL,NULL,NULL,NULL,NULL,NULL,1,NULL,NULL,NULL,NULL,'DELL Latitude E5440',NULL,NULL,NULL,1,'H6QDG12','37412394086','LAPTOP','DELL Latitude E5440','Windows 7 64Bit Dell License','Core i5','4 GB','500 GB','0','WEI-BOSANDI-NB',1,'1970-01-01','1970-01-01','Windows 7 Pro OA | Product Key : C9CPQ-CR4XM-J74QH-2F87G-4FVB4','0',NULL,'0',0),(90,'1320',1,'DELL Latitude E5440',NULL,NULL,NULL,0,NULL,NULL,NULL,NULL,NULL,NULL,1,NULL,NULL,NULL,NULL,'DELL Latitude E5440',NULL,NULL,NULL,1,'C5KGP12','26458090166','LAPTOP','DELL Latitude E5440','Windows 7 64Bit Dell License','Core i5','4 GB','500 GB','0','WEI-COLILIM-NB',1,'1970-01-01','1970-01-01','0','0',NULL,'(02-2943)PERIASAMY SATHIYAMOORTHY\nOKTAVIANUS HENGKYN IRIAWAN (Modec Client)',0),(91,'1321',1,'DELL Latitude E5440',NULL,NULL,NULL,0,NULL,NULL,NULL,NULL,NULL,NULL,1,NULL,NULL,NULL,NULL,'DELL Latitude E5440',NULL,NULL,NULL,1,'3M2ZF12','7865614550','LAPTOP','DELL Latitude E5440','Windows 7 64Bit Dell License','Core i5','4 GB','500 GB','0','WEINB3M2ZF12',1,'2015-06-18','2017-06-18','Windows 7 Pro OA | Product Key : FBGFB-FKJGW-697PT-VFC7D-F6H6D','V7QKV-4XVVR-XYV4D-F7DFM-8R6BM',NULL,'ex DANANG\n(02-1123)MOHD. NUR AFDHALI',0),(92,'1322',1,'DELL Optiplex 3020',NULL,NULL,NULL,0,NULL,NULL,NULL,NULL,NULL,NULL,1,NULL,NULL,NULL,NULL,'DELL Optiplex 3020',NULL,NULL,NULL,1,'GG7YQ12','35809353542','DESKTOP','DELL Optiplex 3020','Windows 7 64Bit Dell License','Core i5','8 GB','1 TB','0','WEI-DANIFAZ-PC',1,'1970-01-01','1970-01-01','0','0',NULL,'0',0),(93,'1323',1,'DELL Optiplex 3020',NULL,NULL,NULL,0,NULL,NULL,NULL,NULL,NULL,NULL,1,NULL,NULL,NULL,NULL,'DELL Optiplex 3020',NULL,NULL,NULL,1,'7K9VQ02','16463396450','DESKTOP','DELL Optiplex 3020','Windows 7 64Bit Dell License','Core i5','8 GB','1 TB','0','WEI-DANIFAZ-PC',1,'2016-04-15','2017-04-15','Windows 8 Pro','0',NULL,'(1223) ANGGI PADMANABA',0),(94,'1324',1,'DELL Optiplex 3010',NULL,NULL,NULL,0,NULL,NULL,NULL,NULL,NULL,NULL,1,NULL,NULL,NULL,NULL,'DELL Optiplex 3010',NULL,NULL,NULL,1,'CJ21ZY1','27273697849','DESKTOP','DELL Optiplex 3010','Windows 7 32Bit Dell License','Core i3','4 GB','1 TB','0','WEI-DEASATI-PC',1,'2015-10-23','2016-10-23','Windows 7 Pro OA | Product Key :7RV4C-V38VG-6B7MR-BTG7B-K9D4K','0',NULL,'0',0),(95,'1325',1,'DELL Optiplex 390',NULL,NULL,NULL,0,NULL,NULL,NULL,NULL,NULL,NULL,1,NULL,NULL,NULL,NULL,'DELL Optiplex 390',NULL,NULL,NULL,1,'2QDZB2S','5949167572','DESKTOP','DELL Optiplex 390','Windows 7 64Bit Dell License','Core i3','4 GB','500 GB','0','WEI-DEBBING-NB',0,'2015-10-23','2016-10-23','Windows 7 Pro OA | Product Key : Q4YY8-4JDYJ-DHQMD-PP247-VB47Q','0',NULL,'(02-1593) BAMBANG HENDRO P',0),(96,'1326',1,'DELL Latitude E5440',NULL,NULL,NULL,0,NULL,NULL,NULL,NULL,NULL,NULL,1,NULL,NULL,NULL,NULL,'DELL Latitude E5440',NULL,NULL,NULL,1,'G2KGP12','34983820982','LAPTOP','DELL Latitude E5440','Windows 7 64Bit Dell License','Core i5','4 GB','500 GB','0','WEI-DEDERAH-NB',1,'1970-01-01','1970-01-01','0','0',NULL,'0',0),(97,'1327',1,'DELL Optiplex 3020',NULL,NULL,NULL,0,NULL,NULL,NULL,NULL,NULL,NULL,1,NULL,NULL,NULL,NULL,'DELL Optiplex 3020',NULL,NULL,NULL,1,'3BGRQ12','7223642246','DESKTOP','DELL Optiplex 3020','Windows 7 64Bit Dell License','Core i5','4 GB','1 TB','0','WEIPC3BGRQ12',1,'2016-06-17','2017-06-17','0','V7QKV-4XVVR-XYV4D-F7DFM-8R6BM',NULL,'ex 02-2409 MASRURO',0),(98,'1328',1,'DELL Latitude E5440',NULL,NULL,NULL,0,NULL,NULL,NULL,NULL,NULL,NULL,1,NULL,NULL,NULL,NULL,'DELL Latitude E5440',NULL,NULL,NULL,1,'6PC2M12','14592625670','LAPTOP','DELL Latitude E5440','Windows 7 64Bit Dell License','Core i5','4 GB','500 GB','0','WEINB6PC2M12',1,'2014-12-18','2017-12-18','0','V7QKV-4XVVR-XYV4D-F7DFM-8R6BM',NULL,'3496 EKO YUDI PRASETIYO',0),(99,'1329',1,'DELL Optiplex 3010',NULL,NULL,NULL,0,NULL,NULL,NULL,NULL,NULL,NULL,1,NULL,NULL,NULL,NULL,'DELL Optiplex 3010',NULL,NULL,NULL,1,'J6TH4Y1','41771169865','DESKTOP','DELL Optiplex 3010','Windows 7 32Bit Dell License','Core i3','4 GB','1 TB','0','WEI-EVIALY-PC',1,'1970-01-01','1970-01-01','Windows 7 Pro OA | Product Key : 743PB-MMH9G-37HMJ-T68QR-XHPQT','0',NULL,'(02-566) SURYANI',0),(100,'1330',1,'DELL Latitude E5420',NULL,NULL,NULL,0,NULL,NULL,NULL,NULL,NULL,NULL,1,NULL,NULL,NULL,NULL,'DELL Latitude E5420',NULL,NULL,NULL,1,'8GJJ4S1','0','LAPTOP','DELL Latitude E5420','Windows 7 32Bit OEM License','Core i3','4 GB','320 GB','0','WEI-FAUZANN-NB',0,'1970-01-01','1970-01-01','Windows 7 Pro OA | Product Key : KGFHP-RTTJB-2YYYG-HXWJW-H8PVJ','0',NULL,'ex (02-1480) MICHAEL LEE, Ex Agustriana Saputra',0),(101,'1331',1,'DELL Optiplex 3020',NULL,NULL,NULL,0,NULL,NULL,NULL,NULL,NULL,NULL,1,NULL,NULL,NULL,NULL,'DELL Optiplex 3020',NULL,NULL,NULL,1,'DM5XQ12','29638397702','DESKTOP','DELL Optiplex 3020','Windows 7 64Bit Dell License','Core i5','4 GB','1 TB','0','WEI-FERIYAN-PC',1,'1970-01-01','1970-01-01','0','0',NULL,'0',0),(102,'1332',1,'DELL Latitude E5440',NULL,NULL,NULL,0,NULL,NULL,NULL,NULL,NULL,NULL,1,NULL,NULL,NULL,NULL,'DELL Latitude E5440',NULL,NULL,NULL,1,'70QDG12','15281773670','LAPTOP','DELL Latitude E5440','Windows 7 64Bit Dell License','Core i5','4 GB','500 GB','0','WEI-FERRWAR-PC',1,'1970-01-01','1970-01-01','0','0',NULL,'0',0),(103,'1333',1,'DELL Latitude E5440',NULL,NULL,NULL,0,NULL,NULL,NULL,NULL,NULL,NULL,1,NULL,NULL,NULL,NULL,'DELL Latitude E5440',NULL,NULL,NULL,1,'B7TGXZ1','24417368317','LAPTOP','DELL Latitude E5440','Windows 7 64Bit Dell License','Core i5','4 GB','500 GB','0','WEI-FIRMEDI-NB',1,'2016-03-28','2017-03-28','Windows 7 Pro OA | Product Key : 87JGH-K9MYF-8RMKX-Q2YCQ','0',NULL,'0',0),(104,'1334',1,'DELL Latitude E5440',NULL,NULL,NULL,0,NULL,NULL,NULL,NULL,NULL,NULL,1,NULL,NULL,NULL,NULL,'DELL Latitude E5440',NULL,NULL,NULL,1,'97D2M12','20036261126','LAPTOP','DELL Latitude E5440','Windows 7 64Bit Dell License','Core i5','4 GB','500 GB','0','WEI-FLORIAN-NB',1,'2016-12-18','2017-12-18','0','0',NULL,'(02-1904) YASIN WIJAYA',0),(105,'1335',1,'DELL Latitude E5440',NULL,NULL,NULL,0,NULL,NULL,NULL,NULL,NULL,NULL,1,NULL,NULL,NULL,NULL,'DELL Latitude E5440',NULL,NULL,NULL,1,'4QDG12','0','LAPTOP','DELL Latitude E5440','Windows 7 64Bit Dell License','Core i5','4 GB','500 GB','0','WEI-GANAWAN-NB',1,'1970-01-01','1970-01-01','Windows 7 Pro OA | Product Key : 32WD7-WP6BH-4P49V-7R8CV-VP93V','0',NULL,'ex (\'02-2569)SYAFRINALDI\n(02-1277) RACHMAT YANUAR HIDAYAT\n(02-2502) EKO WIBOWO',0),(106,'1336',4,'DELL Optiplex 3010',NULL,NULL,NULL,0,0,NULL,NULL,0,NULL,NULL,1,NULL,NULL,NULL,NULL,'DELL Optiplex 3010',NULL,NULL,NULL,0,'4631ZY1','','DESKTOP','DELL Optiplex 3010','Windows 7 32Bit Dell License','Core i3','4 GB','1 TB','AMD FirePro 2 G','WEI-FINA001-PC',1,'2015-10-23','2016-10-23','Windows 7 Pro OA | Product Key :  KDGR3-GHCHT-MRM8M-W2TF7-2W2PB','0','','EX (3912)DIWESNI (3484)GRACE ANGELINA CHALSELIN(02-2790)YESICA SITORUSex (02-698) WAHYU SATRIA',0),(107,'1337',1,'DELL Optiplex 3020',NULL,NULL,NULL,0,NULL,NULL,NULL,NULL,NULL,NULL,1,NULL,NULL,NULL,NULL,'DELL Optiplex 3020',NULL,NULL,NULL,1,'9P5XQ12','21112666886','DESKTOP','DELL Optiplex 3020','Windows 7 64Bit Dell License','Core i5','4 GB','500 GB','0','WEIPC9P5XQ12',1,'1970-01-01','1970-01-01','Windows 8 Pro','0',NULL,'ex (02-1384) UJANG SAHRUDIN',0),(108,'1338',1,'DELL Optiplex 3010',NULL,NULL,NULL,0,NULL,NULL,NULL,NULL,NULL,NULL,1,NULL,NULL,NULL,NULL,'DELL Optiplex 3010',NULL,NULL,NULL,1,'47TH4Y1','9179901001','DESKTOP','DELL Optiplex 3010','Windows 7 32Bit Dell License','Core i3','4 GB','1 TB','0','WEI-HANDRA-PC',1,'1970-01-01','1970-01-01','Windows 7 Pro OA | Product Key : 87WC6-839RB-VHQ9R-3PB7G-YWPVC','0',NULL,'0',0),(109,'1339',1,'DELL Optiplex 3020',NULL,NULL,NULL,0,NULL,NULL,NULL,NULL,NULL,NULL,1,NULL,NULL,NULL,NULL,'DELL Optiplex 3020',NULL,NULL,NULL,1,'74L0F02','15514632434','DESKTOP','DELL Optiplex 3020','Windows 7 64Bit Dell License','Core i5','8 GB','500 GB','0','0',1,'1970-01-01','1970-01-01','Windows 8 Pro','0',NULL,'0',0),(110,'1340',1,'DELL Latitude E5440',NULL,NULL,NULL,0,NULL,NULL,NULL,NULL,NULL,NULL,1,NULL,NULL,NULL,NULL,'DELL Latitude E5440',NULL,NULL,NULL,1,'J7RDG12','41828104550','LAPTOP','DELL Latitude E5440','Windows 7 64Bit Dell License','Core i5','4 GB','500 GB','0','WEI-HENANTO-NB',1,'1970-01-01','1970-01-01','0','0',NULL,'(02-384)ANDY PATI MULIA',0),(111,'1341',1,'DELL Optiplex 790',NULL,NULL,NULL,0,NULL,NULL,NULL,NULL,NULL,NULL,1,NULL,NULL,NULL,NULL,'DELL Optiplex 790',NULL,NULL,NULL,1,'JW28B2S','43297528852','DESKTOP','DELL Optiplex 790','Windows 7 32Bit Dell License','Core i5','8 GB','500 GB','0','HERRI-IRAWANTO',0,'1970-01-01','1970-01-01','Windows 7 Pro OA | Product Key : 6HMMJ-6THMK-PDWPF-BKK4C-V6QVY','0',NULL,'NUR AZIZA , HAMDI HANIF ,\nMULYADI NAIBORHU , INDRA KELANA',0),(112,'1342',1,'DELL Latitude E5430',NULL,NULL,NULL,0,NULL,NULL,NULL,NULL,NULL,NULL,1,NULL,NULL,NULL,NULL,'DELL Latitude E5430',NULL,NULL,NULL,1,'7WYWMX1','0','LAPTOP','DELL Latitude E5430','Windows 7 64Bit Dell License','Core i5','4 GB','500 GB','0','JOSEFBESNON',1,'2015-07-24','2016-07-24','0','0',NULL,'(02-3219) MUCHLIS',0),(113,'1343',1,'DELL Optiplex 3010',NULL,NULL,NULL,0,NULL,NULL,NULL,NULL,NULL,NULL,1,NULL,NULL,NULL,NULL,'DELL Optiplex 3010',NULL,NULL,NULL,1,'8531ZY1','17721721657','DESKTOP','DELL Optiplex 3010','Windows 7 64Bit Dell License','Core i5','4 GB','1 TB','0','WEI-SUSARIU-PC',1,'2015-10-23','2016-10-23','Windows 7 Pro OA | Product Key : 78B6Q-27JK4-JGFDD-M2QY9-YY4QR','0',NULL,'ex (02-3263) VERA DWIANGGRANI PURWANTO\nex(02-1555)Susiyanti Arius ex (02-1250)Harris Handhoko',0),(114,'1344',1,'DELL Latitude E5440',NULL,NULL,NULL,0,NULL,NULL,NULL,NULL,NULL,NULL,1,NULL,NULL,NULL,NULL,'DELL Latitude E5440',NULL,NULL,NULL,1,'546HF12','11136666710','LAPTOP','DELL Latitude E5440','Windows 7 64Bit Dell License','Core i5','4 GB','500 GB','0','WEI-KAMMPRA-NB',1,'1970-01-01','1970-01-01','Windows 7 Pro OA | Product Key : MHKFY-PM983-CGC4Y-8W44X-YKV4B','0',NULL,'0',0),(115,'1345',1,'DELL Optiplex 3020',NULL,NULL,NULL,0,NULL,NULL,NULL,NULL,NULL,NULL,1,NULL,NULL,NULL,NULL,'DELL Optiplex 3020',NULL,NULL,NULL,1,'DZ5XQ12','30424457990','DESKTOP','DELL Optiplex 3020','Windows 7 64Bit Dell License','Core i5','8 GB','1 TB','0','WEI-KAMSGIN-PC',1,'1970-01-01','1970-01-01','Windows 8 Pro','0',NULL,'0',0),(116,'1346',1,'DELL Latitude E5440',NULL,NULL,NULL,0,NULL,NULL,NULL,NULL,NULL,NULL,1,NULL,NULL,NULL,NULL,'DELL Latitude E5440',NULL,NULL,NULL,1,'GH6HF12','35867332694','LAPTOP','DELL Latitude E5440','Windows 7 64Bit Dell License','Core i5','4 GB','500 GB','0','WEINBGH6HF12',1,'1970-01-01','1970-01-01','Windows 7 Pro OA | Product Key : RDKGD-H4M4K-PR9H4-PJGGK-RJHTQ','VYBBJ-TRJPB-QFQRF-QFT4D-H3GVB',NULL,'AANG\nTHANASEKAR VELLAPANDI',0),(117,'1347',1,'DELL Latitude E5440',NULL,NULL,NULL,0,NULL,NULL,NULL,NULL,NULL,NULL,1,NULL,NULL,NULL,NULL,'DELL Latitude E5440',NULL,NULL,NULL,1,'G4TGXZ1','0','LAPTOP','DELL Latitude E5440','Windows 7 64Bit Dell License','Core i5','4 GB','500 GB','0','WEI-LARIKI-NB',1,'2015-03-28','2017-03-28','0','0',NULL,'(02-196)ZULCHINDA AUGUST',0),(118,'1348',1,'DELL Optiplex 3020',NULL,NULL,NULL,0,NULL,NULL,NULL,NULL,NULL,NULL,1,NULL,NULL,NULL,NULL,'DELL Optiplex 3020',NULL,NULL,NULL,1,'391JW22','7077150218','DESKTOP','DELL Optiplex 3020','Windows 7 64Bit Dell License','Core i5','8 GB','1 TB','0','WEI-LUTHFIEK-PC',1,'2015-09-29','2017-09-29','Windows 8 Pro','0',NULL,'0',0),(119,'1349',1,'DELL Optiplex 3020',NULL,NULL,NULL,0,NULL,NULL,NULL,NULL,NULL,NULL,1,NULL,NULL,NULL,NULL,'DELL Optiplex 3020',NULL,NULL,NULL,1,'GY5XQ12','36894338822','DESKTOP','DELL Optiplex 3020','Windows 7 64Bit Dell License','Core i5','4 GB','1 TB','0','WEI-MAHYUDIN-PC',1,'1970-01-01','1970-01-01','Windows 8 Pro','0',NULL,'0',0),(120,'1350',1,'DELL Latitude E5440',NULL,NULL,NULL,0,NULL,NULL,NULL,NULL,NULL,NULL,1,NULL,NULL,NULL,NULL,'DELL Latitude E5440',NULL,NULL,NULL,1,'FSPDG12','0','LAPTOP','DELL Latitude E5440','Windows 7 64Bit Dell License','Core i5','4 GB','500 GB','0','WEI-MANARAJ-NB',1,'1970-01-01','1970-01-01','0','0',NULL,'(2418)MANASTER RAJAGUKGUK (02-1134)PUTUT SIGIT SATOTO',0),(121,'1351',1,'DELL Optiplex 3020',NULL,NULL,NULL,0,NULL,NULL,NULL,NULL,NULL,NULL,1,NULL,NULL,NULL,NULL,'DELL Optiplex 3020',NULL,NULL,NULL,1,'CQ5XQ12','27703480070','DESKTOP','DELL Optiplex 3020','Windows 7 64Bit Dell License','Core i5','8 GB','1 TB','0','WEI-MISRADI-PC',1,'1970-01-01','1970-01-01','Windows 8 Pro','0',NULL,'ex (1438)MUHAMMAD YASIR',0),(122,'1352',1,'DELL Optiplex 3020',NULL,NULL,NULL,0,NULL,NULL,NULL,NULL,NULL,NULL,1,NULL,NULL,NULL,NULL,'DELL Optiplex 3020',NULL,NULL,NULL,1,'1K9VQ02','3402702434','DESKTOP','DELL Optiplex 3020','Windows 7 64Bit Dell License','Core i5','8 GB','1 TB','0','WEI-MOHDAUS-PC',1,'2015-04-15','2017-04-15','0','0',NULL,'0',0),(123,'1353',1,'DELL Latitude E5440',NULL,NULL,NULL,0,NULL,NULL,NULL,NULL,NULL,NULL,1,NULL,NULL,NULL,NULL,'DELL Latitude E5440',NULL,NULL,NULL,1,'256HF12','4666785878','LAPTOP','DELL Latitude E5440','Windows 7 64Bit Dell License','Core i5','4 GB','500 GB','0','WEI-MOHHELM-NB',1,'1970-01-01','1970-01-01','0','0',NULL,'0',0),(124,'1354',1,'DELL Optiplex 3020',NULL,NULL,NULL,0,NULL,NULL,NULL,NULL,NULL,NULL,1,NULL,NULL,NULL,NULL,'DELL Optiplex 3020',NULL,NULL,NULL,1,'2VG6F02','6255189362','DESKTOP','DELL Optiplex 3020','Windows 7 64Bit Dell License','Core i5','8 GB','1 TB','0','WEI-MUHAZEN-PC',1,'1970-01-01','1970-01-01','Windows 8 Pro','0',NULL,'0',0),(125,'1355',1,'DELL Optiplex 3020',NULL,NULL,NULL,0,NULL,NULL,NULL,NULL,NULL,NULL,1,NULL,NULL,NULL,NULL,'DELL Optiplex 3020',NULL,NULL,NULL,1,'14GRQ12','2446814342','DESKTOP','DELL Optiplex 3020','Windows 7 64Bit Dell License','Core i5','8 GB','1 TB','0','WEIPC14GRQ12',1,'2016-06-17','2017-06-17','Windows 8 Pro','V7QKV-4XVVR-XYV4D-F7DFM-8R6BM',NULL,'(2496) MUHAMAD HERLINGGA\nex(2516) RAHMAT WIJAYA',0),(126,'1356',1,'DELL Latitude E5430',NULL,NULL,NULL,0,NULL,NULL,NULL,NULL,NULL,NULL,1,NULL,NULL,NULL,NULL,'DELL Latitude E5430',NULL,NULL,NULL,1,'GBFVKV1','0','LAPTOP','DELL Latitude E5430','Windows 7 64Bit Dell License','Core i5','4 GB','500 GB','0','MUHADI',0,'2016-06-17','2017-06-17','0','0',NULL,'0',0),(127,'1357',1,'DELL Optiplex 3020',NULL,NULL,NULL,0,NULL,NULL,NULL,NULL,NULL,NULL,1,NULL,NULL,NULL,NULL,'DELL Optiplex 3020',NULL,NULL,NULL,1,'82J5F02','17567356466','DESKTOP','DELL Optiplex 3020','Windows 7 64Bit Dell License','Core i5','8 GB','1 TB','0','WEIPC82J5F02',1,'1970-01-01','1970-01-01','0','0',NULL,'NUR AZIZAH',0),(128,'1358',1,'DELL Latitude E5420',NULL,NULL,NULL,0,NULL,NULL,NULL,NULL,NULL,NULL,1,NULL,NULL,NULL,NULL,'DELL Latitude E5420',NULL,NULL,NULL,1,'7Y9Y5S1','0','LAPTOP','DELL Latitude E5420','Windows 7 64Bit Dell License','Core i5','4 GB','500 GB','0','NASRUL_N',0,'1970-01-01','1970-01-01','Windows 7 Pro OA | Product Key : H4RHH-TH8CT-96TBV-93XK3-DHKX6','0',NULL,'0',0),(129,'1359',1,'DELL Latitude E5440',NULL,NULL,NULL,0,NULL,NULL,NULL,NULL,NULL,NULL,1,NULL,NULL,NULL,NULL,'DELL Latitude E5440',NULL,NULL,NULL,1,'3SPGP12','0','LAPTOP','DELL Latitude E5440','Windows 7 64Bit Dell License','Core i5','4 GB','500 GB','0','WEI-OMANNUR-NB',1,'1970-01-01','1970-01-01','0','0',NULL,'ex Dian Arif Kuncoro',0),(130,'1360',1,'DELL E7440',NULL,NULL,NULL,0,NULL,NULL,NULL,NULL,NULL,NULL,1,NULL,NULL,NULL,NULL,'DELL E7440',NULL,NULL,NULL,1,'8MYRXZ1','0','LAPTOP','DELL E7440','Windows 7 64Bit OEM License','Core i7','8 GB','500 GB','0','PRADEEP',1,'1970-01-01','1970-01-01','Windows 8 Pro OA','0',NULL,'0',0),(131,'1361',1,'DELL Optiplex 3020',NULL,NULL,NULL,0,NULL,NULL,NULL,NULL,NULL,NULL,1,NULL,NULL,NULL,NULL,'DELL Optiplex 3020',NULL,NULL,NULL,1,'2J9VQ02','5519018594','DESKTOP','DELL Optiplex 3020','Windows 7 64Bit Dell License','Core i5','4 GB','1 TB','0','WEI-PURNOMO-PC',1,'2016-04-15','2017-04-15','0','0',NULL,'0',0),(132,'1362',1,'DELL Latitude E5440',NULL,NULL,NULL,0,NULL,NULL,NULL,NULL,NULL,NULL,1,NULL,NULL,NULL,NULL,'DELL Latitude E5440',NULL,NULL,NULL,1,'G58HF12','35145097814','LAPTOP','DELL Latitude E5440','Windows 7 64Bit Dell License','Core i5','4 GB','500 GB','0','WEI-AGUSPAN-NB',1,'1970-01-01','1970-01-01','0','0',NULL,'ex JEFFRY CANOLOS (Modec Client)',0),(133,'1363',1,'DELL Optiplex 390',NULL,NULL,NULL,0,NULL,NULL,NULL,NULL,NULL,NULL,1,NULL,NULL,NULL,NULL,'DELL Optiplex 390',NULL,NULL,NULL,1,'4QDZB2S','10302732244','DESKTOP','DELL Optiplex 390','Windows 7 64Bit Dell License','Core i3','4 GB','500 GB','0','WEI-RRAMLIS-PC',0,'1970-01-01','1970-01-01','Windows 7 Pro OA | Product Key : BXQTW-6TCTM-PY7JG-938RV-V7PW8','0',NULL,'0',0),(134,'1364',1,'DELL Optiplex 3010',NULL,NULL,NULL,0,NULL,NULL,NULL,NULL,NULL,NULL,1,NULL,NULL,NULL,NULL,'DELL Optiplex 3010',NULL,NULL,NULL,1,'3Z21ZY1','8650115641','DESKTOP','DELL Optiplex 3010','Windows 7 64Bit OEM License','Core i5','4 GB','1 TB','0','WEI-RIKLEST-PC',1,'2014-10-23','2016-10-23','Windows 7 Pro OA | Product Key :  MM6DT-T82M6-JQVMR-K6R38-B26K8','0',NULL,'Ex.(02-850) Asika Muliono',0),(135,'1365',1,'DELL Latitude E5440',NULL,NULL,NULL,0,NULL,NULL,NULL,NULL,NULL,NULL,1,NULL,NULL,NULL,NULL,'DELL Latitude E5440',NULL,NULL,NULL,1,'15TGXZ1','2528612605','LAPTOP','DELL Latitude E5440','Windows 7 64Bit Dell License','Core i5','4 GB','500 GB','0','WEI-ROGER-NB',1,'2015-03-28','2017-03-28','0','0',NULL,'(02-4027) Ravi Chakkarabani\n(02-1245)TRI WISNU WHARDANA',0),(136,'1366',1,'DELL Optiplex 790',NULL,NULL,NULL,0,NULL,NULL,NULL,NULL,NULL,NULL,1,NULL,NULL,NULL,NULL,'DELL Optiplex 790',NULL,NULL,NULL,1,'BFDZB2S','24875080660','DESKTOP','DELL Optiplex 790','Windows 7 64Bit OEM License','Core i5','6 GB','500 GB','0','WEI-ROSIDA-PC',0,'2015-03-28','2017-03-28','Windows 7 Pro OA | Product Key : K7TT4-KMXPJ-9MTQM-R9TH4-YPBBT','V7QKV-4XVVR-XYV4D-F7DFM-8R6BM',NULL,'ex(02-3178) RIZAL IMAM FIRDAUS\nex (02-804) UNTUNG RAHMAN',0),(137,'1367',1,'DELL Latitude E5440',NULL,NULL,NULL,0,NULL,NULL,NULL,NULL,NULL,NULL,1,NULL,NULL,NULL,NULL,'DELL Latitude E5440',NULL,NULL,NULL,1,'9SC2M12','0','LAPTOP','DELL Latitude E5440','Windows 7 64Bit Dell License','Core i5','4 GB','500 GB','0','WEI-RUDIPUT-NB',1,'2016-09-17','2017-09-18','0','0',NULL,'0',0),(138,'1368',1,'DELL Latitude E5440',NULL,NULL,NULL,0,NULL,NULL,NULL,NULL,NULL,NULL,1,NULL,NULL,NULL,NULL,'DELL Latitude E5440',NULL,NULL,NULL,1,'39QDG12','7118839910','LAPTOP','DELL Latitude E5440','Windows 7 64Bit Dell License','Core i5','4 GB','500 GB','0','WEI-RUMANTO-NB',1,'1970-01-01','1970-01-01','0','0',NULL,'(02-3204) ARISMAN ex (3234)FARID HARDI ,ex\n(02-2937) BARINGIN ASIDO ARITONANG ex\n (02-1874) REYNO AUGUSETYA',0),(139,'1369',1,'DELL Latitude E5440',NULL,NULL,NULL,0,NULL,NULL,NULL,NULL,NULL,NULL,1,NULL,NULL,NULL,NULL,'DELL Latitude E5440',NULL,NULL,NULL,1,'8LRDG12','0','LAPTOP','DELL Latitude E5440','Windows 7 64Bit Dell License','Core i5','4 GB','500 GB','0','WEI-SAMNDEEN-NB',1,'1970-01-01','1970-01-01','Windows 7 Pro OA | Product Key : TG2F3-J7RRR-B6947-3W3VF-H3XH4','0',NULL,'ex (02-2357)Apri Triyono',0),(140,'1370',1,'DELL Optiplex 3020',NULL,NULL,NULL,0,NULL,NULL,NULL,NULL,NULL,NULL,1,NULL,NULL,NULL,NULL,'DELL Optiplex 3020',NULL,NULL,NULL,1,'FL5XQ12','33931496198','DESKTOP','DELL Optiplex 3020','Windows 7 64Bit Dell License','Core i5','4 GB','1 TB','0','WEI-SAPWURI-PC',1,'1970-01-01','1970-01-01','Windows 8 Pro','0',NULL,'Ex (02-1443) Hendry Sasmita - MIS FORM Request Attached',0),(141,'1371',1,'DELL Latitude E5430',NULL,NULL,NULL,0,NULL,NULL,NULL,NULL,NULL,NULL,1,NULL,NULL,NULL,NULL,'DELL Latitude E5430',NULL,NULL,NULL,1,'9D3MSY1','0','LAPTOP','DELL Latitude E5430','Windows 7 64Bit Dell License','Core i5','4 GB','500 GB','0','WEI-SETIHAD-NB',0,'1970-01-01','1970-01-01','0','0',NULL,'ex (03-3016)DEFRI EX (02-1443)HENDRY SASMITA EX DIGO MODEC',0),(142,'1372',4,'DELL Latitude E5440',NULL,NULL,NULL,0,0,NULL,NULL,0,NULL,NULL,1,NULL,NULL,NULL,NULL,'DELL Latitude E5440',NULL,NULL,NULL,0,'HNC2M12','0','LAPTOP','DELL Latitude E5440','Windows 7 64Bit Dell License','Core i5','4 GB','500 GB','0','WEINBHNC2M12',1,'2016-12-18','2017-12-18','0','0','','AGUS RIYADI(MODEC)',0),(143,'1373',1,'DELL Optiplex 3020',NULL,NULL,NULL,0,NULL,NULL,NULL,NULL,NULL,NULL,1,NULL,NULL,NULL,NULL,'DELL Optiplex 3020',NULL,NULL,NULL,1,'691JW22','13607497226','DESKTOP','DELL Optiplex 3020','Windows 7 64Bit Dell License','Core i5','8 GB','1 TB','0','WEIPC691JW22',1,'2015-09-29','2017-09-29','Windows 8 Pro','V7QKV-4XVVR-XYV4D-F7DFM-8R6BM',NULL,'ex (1750) SUTARDI',0),(144,'1374',1,'DELL Latitude E5430',NULL,NULL,NULL,0,NULL,NULL,NULL,NULL,NULL,NULL,1,NULL,NULL,NULL,NULL,'DELL Latitude E5430',NULL,NULL,NULL,1,'6PBSWW1','0','LAPTOP','DELL Latitude E5430','Windows 7 64Bit Dell License','Core i5','4 GB','500 GB','0','THANGARAJ GANESAN',0,'2015-09-29','2017-09-29','0','0',NULL,'spare ex(02-2939)EKASYAH RONI ex (02-2494)YOGI PERDANA',0),(145,'1375',1,'DELL OptiPlex 390',NULL,NULL,NULL,0,NULL,NULL,NULL,NULL,NULL,NULL,1,NULL,NULL,NULL,NULL,'DELL OptiPlex 390',NULL,NULL,NULL,1,'3QDZB2S','8125949908','DESKTOP','DELL OptiPlex 390','Windows 7 32Bit Dell License','Core i3','4 GB','500 GB','0','WEIPC3QDZB2S',0,'2015-09-29','2017-09-29','Windows 7 Pro OA | Product Key : GV4G3-MQVKJ-RQQVY-CWTYJ-K9GFT','V7QKV-4XVVR-XYV4D-F7DFM-8R6BM',NULL,'0',0),(146,'1376',1,'DELL Latitude E5430',NULL,NULL,NULL,0,NULL,NULL,NULL,NULL,NULL,NULL,1,NULL,NULL,NULL,NULL,'DELL Latitude E5430',NULL,NULL,NULL,1,'4F3MSY1','0','LAPTOP','DELL Latitude E5430','Windows 7 64Bit Dell License','Core i5','4 GB','500 GB','0','USNING',0,'2015-09-29','2017-09-29','Windows 7 Pro OA | Product Key : GP4FR-2YWTX-HHKV6-VFYGG-J0YY0','0',NULL,'0',0),(147,'1377',1,'DELL Latitude E5440',NULL,NULL,NULL,0,NULL,NULL,NULL,NULL,NULL,NULL,1,NULL,NULL,NULL,NULL,'DELL Latitude E5440',NULL,NULL,NULL,1,'FM2ZF12','33987002582','LAPTOP','DELL Latitude E5440','Windows 7 64Bit Dell License','Core i5','4 GB','500 GB','0','WEINBFM2ZF12',1,'2015-06-18','2017-06-18','Windows 7 Pro OA | Product Key : RDYHF-QW','V7QKV-4XVVR-XYV4D-F7DFM-8R6BM',NULL,'(02-1430) ISMATULLAH',0),(148,'1378',1,'DELL Optiplex 3010',NULL,NULL,NULL,0,NULL,NULL,NULL,NULL,NULL,NULL,1,NULL,NULL,NULL,NULL,'DELL Optiplex 3010',NULL,NULL,NULL,1,'DM31ZY1','29633558329','DESKTOP','DELL Optiplex 3010','Windows 7 32Bit Dell License','Core i3','4 GB','1 TB','0','0',1,'2015-10-23','2016-10-23','0','0',NULL,'0',0),(149,'1379',1,'DELL Optiplex 3020',NULL,NULL,NULL,0,NULL,NULL,NULL,NULL,NULL,NULL,1,NULL,NULL,NULL,NULL,'DELL Optiplex 3020',NULL,NULL,NULL,1,'74GRQ12','15507508358','DESKTOP','DELL Optiplex 3020','Windows 7 64Bit Dell License','Core i5','8 GB','1 TB','0','WEI-WACHRID-PC',1,'2016-06-17','2017-06-17','0','0',NULL,'(1323) MOCH MUBAROK',0),(150,'1380',1,'DELL Latitude E5440',NULL,NULL,NULL,0,NULL,NULL,NULL,NULL,NULL,NULL,1,NULL,NULL,NULL,NULL,'DELL Latitude E5440',NULL,NULL,NULL,1,'HZPDG12','EST','LAPTOP','DELL Latitude E5440','Windows 7 64Bit Dell License','Core i5','4 GB','500 GB','0','WEINBHZPDG12',1,'1970-01-01','1970-01-01','Windows 7 Pro OA | Product Key : GPTKM-P8MRF-JJ2FX-HQ4RZ-MCM9P','V7QKV-4XVVR-XYV4D-F7DFM-8R6BM',NULL,'ex VIENDRA',0),(151,'1381',1,'DELL Optiplex 3020',NULL,NULL,NULL,0,NULL,NULL,NULL,NULL,NULL,NULL,1,NULL,NULL,NULL,NULL,'DELL Optiplex 3020',NULL,NULL,NULL,1,'DH7YQ12','29339472710','DESKTOP','DELL Optiplex 3020','Windows 7 64Bit Dell License','Core i5','4 GB','1 TB','0','WEI-WAHSATR-PC',1,'1970-01-01','1970-01-01','Windows 8 Pro','0',NULL,'Wakhid Nur Rofiq, Ade Syafriani , Dian Arif Kuncoro',0),(152,'1382',1,'DELL Optiplex 3010',NULL,NULL,NULL,0,NULL,NULL,NULL,NULL,NULL,NULL,1,NULL,NULL,NULL,NULL,'DELL Optiplex 3010',NULL,NULL,NULL,1,'B8VP8X1','24481581157','DESKTOP','DELL Optiplex 3010','Windows 7 32Bit Dell License','Core i3','4 GB','1 TB','0','WEI-WANTNAB-PC',1,'2015-05-27','2016-05-27','Windows 7 Pro OA | Product Key :  FJBB3-KQHHF-3VJBW-JTPGC-P7DGJ','0',NULL,'0',0),(153,'1383',1,'DELL Optiplex 3020',NULL,NULL,NULL,0,NULL,NULL,NULL,NULL,NULL,NULL,1,NULL,NULL,NULL,NULL,'DELL Optiplex 3020',NULL,NULL,NULL,1,'271JW22','4779435530','DESKTOP','DELL Optiplex 3020','Windows 7 64Bit Dell License','Core i5','8 GB','1 TB','0','WEI-WINARSOO-PC',1,'2016-09-29','2017-09-29','0','0',NULL,'ex (1783) JEMMI AFRIENDY',0),(154,'1384',4,'DELL Latitude E5440',NULL,NULL,NULL,0,0,NULL,NULL,0,NULL,NULL,1,NULL,NULL,NULL,NULL,'DELL Latitude E5440',NULL,NULL,NULL,0,'81RDG12','17520701798','LAPTOP','DELL Latitude E5440','Windows 7 64Bit Dell License','Core i5','4 GB','500 GB','0','WEI-WISELIN-NB',1,'1970-01-01','1970-01-01','Windows 7 Pro OA | Product Key : 4C4DR-    -XRDWM-R82Q9','0','','WISELIN (02-3180) RINDES DWI AGUNG PUTRA',0),(155,'1385',1,'DELL Latitude E5430',NULL,NULL,NULL,0,NULL,NULL,NULL,NULL,NULL,NULL,1,NULL,NULL,NULL,NULL,'DELL Latitude E5430',NULL,NULL,NULL,1,'8GJH5S1','0','LAPTOP','DELL Latitude E5430','Windows 7 32Bit Dell License','Core i3','4 GB','320 GB','0','WEI-YUDIFIT-NB',0,'1970-01-01','1970-01-01','0','0',NULL,'ex ROGER transfer from SSG',0),(156,'1386',1,'DELL Optiplex 3020',NULL,NULL,NULL,0,NULL,NULL,NULL,NULL,NULL,NULL,1,NULL,NULL,NULL,NULL,'DELL Optiplex 3020',NULL,NULL,NULL,1,'781JW22','15723813386','DESKTOP','DELL Optiplex 3020','Windows 7 64Bit Dell License','Core i5','8 GB','1 TB','0','WEI-HARIHNDO-PC',1,'2016-09-29','2017-09-29','0','0',NULL,'(1250)HARIS TRI HANDOKO\nex (1844)Julia Yufinza',0),(157,'1387',1,'DELL Latitude E5440',NULL,NULL,NULL,0,NULL,NULL,NULL,NULL,NULL,NULL,1,NULL,NULL,NULL,NULL,'DELL Latitude E5440',NULL,NULL,NULL,1,'49TGXZ1','9300824317','LAPTOP','DELL Latitude E5440','Windows 7 64Bit Dell License','Core i5','4 GB','500 GB','0','WEINB49TGXZ1',1,'1970-01-01','1970-01-01','Windows 7 Pro OA | Product Key : Q7F9Q-B88HC-8QHGY-BK9YP-TXX69','0',NULL,'Mustafa',0),(158,'1388',1,'DELL Latitude E5440',NULL,NULL,NULL,0,NULL,NULL,NULL,NULL,NULL,NULL,1,NULL,NULL,NULL,NULL,'DELL Latitude E5440',NULL,NULL,NULL,1,'JK2zF12','42573199574','LAPTOP','DELL Latitude E5440','Windows 7 64Bit Dell License','Core i5','4 GB','500 GB','0','WEI-YODASAN-NB',1,'2016-06-18','2017-06-18','Windows 7 Pro OA | Product Key : 78HDK-6M66G-T7DVR-JDDTG-CBC6B','V7QKV-4XVVR-XYV4D-F7DFM-8R6BM',NULL,'(02-339) MOHAMAD RIZAL FIRDAUS\n(02-1360 ) ANWARUDIN',0),(159,'1389',1,'DELL Optiplex 790',NULL,NULL,NULL,0,NULL,NULL,NULL,NULL,NULL,NULL,1,NULL,NULL,NULL,NULL,'DELL Optiplex 790',NULL,NULL,NULL,1,'7W28B2S','17176140820','DESKTOP','DELL Optiplex 790','Windows 7 32Bit OEM License','Core i5','4 GB','500 GB','0','WEI-MAHPEDA-PC',0,'2016-06-18','2017-06-18','Windows 7 Pro OA | Product Key : VYK4F-QG3PM-TVRR6-QBF78-3M3FG','0',NULL,'spare Yard 1(QAQC) EX(02-3128)\nDICKY ISMAIL Ex Zulkarnaen',0),(160,'1390',1,'DELL Latitude E5440',NULL,NULL,NULL,0,NULL,NULL,NULL,NULL,NULL,NULL,1,NULL,NULL,NULL,NULL,'DELL Latitude E5440',NULL,NULL,NULL,1,'5M2ZF12','12219179222','LAPTOP','DELL Latitude E5440','Windows 7 64Bit Dell License','Core i5','4 GB','500 GB','0','WEINB5M2ZF12',1,'2016-06-18','2017-06-18','Windows 7 Pro OA | Product Key : CRDMX-TCFQJ-PPMTF-7BJR2-6DMXX','VYBBJ-TRJPB-QFQRF-QFT4D-H3GVB',NULL,'(02-1348) NADIT NADIARSAH',0),(161,'1391',1,'DELL Latitude E5430',NULL,NULL,NULL,0,NULL,NULL,NULL,NULL,NULL,NULL,1,NULL,NULL,NULL,NULL,'DELL Latitude E5430',NULL,NULL,NULL,1,'G04RWZ1','34836538285','LAPTOP','DELL Latitude E5430','Windows 7 32Bit Dell License','Core i5','4 GB','500 GB','0','CYPRIANA',0,'2016-06-18','2017-06-18','Windows 7 Pro OA | Product Key : 8YBH4-H2FH8-FDXBV-C98DG-TQJXK','YBM3C-89JBX-Y8KPH-9RPMD-RWWCQ',NULL,'0',0),(162,'1392',1,'DELL Optiplex 3020',NULL,NULL,NULL,0,NULL,NULL,NULL,NULL,NULL,NULL,1,NULL,NULL,NULL,NULL,'DELL Optiplex 3020',NULL,NULL,NULL,1,'116XQ12','2248899590','DESKTOP','DELL Optiplex 3020','Windows 7 64Bit Dell License','Core i5','4 GB','500 GB','0','WEI-HSE01-PC',1,'1970-01-01','1970-01-01','Windows 8 Pro','0',NULL,'ex (02-3226) MOCH SAFRUDIN',0),(163,'1393',1,'Assembly',NULL,NULL,NULL,0,NULL,NULL,NULL,NULL,NULL,NULL,1,NULL,NULL,NULL,NULL,'Assembly',NULL,NULL,NULL,1,'945GCM-S2L','0','DESKTOP','Assembly','Windows XP Profesional','Dual Core','4 GB','150 GB','0','WEIPCRECEPTION',0,'1970-01-01','1970-01-01','0','2RQ6Y-H2YT3-4WW7R-8QMX4-TKVKV',NULL,'0',0),(164,'1394',1,'DELL OptiPlex 390',NULL,NULL,NULL,0,NULL,NULL,NULL,NULL,NULL,NULL,1,NULL,NULL,NULL,NULL,'DELL OptiPlex 390',NULL,NULL,NULL,1,'5QWBB2S','12510307540','DESKTOP','DELL OptiPlex 390','Windows 7 32Bit Dell License','Core i3','4 GB','500 GB','0','WEIPC5QWBB2S',0,'1970-01-01','1970-01-01','Windows 7 Pro OA | Product Key : GF3PK-V3R9C3YMH2-JQ62Q-89M8T','0',NULL,'0',0),(165,'1395',1,'DELL Latitude E5440',NULL,NULL,NULL,0,NULL,NULL,NULL,NULL,NULL,NULL,1,NULL,NULL,NULL,NULL,'DELL Latitude E5440',NULL,NULL,NULL,1,'1XC2M12','4192443398','LAPTOP','DELL Latitude E5440','Windows 7 64Bit Dell License','Core i5','4 GB','500 GB','0','WEINB1XC2M12',1,'2016-12-18','2017-12-18','0','0',NULL,'(03-3016)DEFRI\n(02-1443)HENDRY SASMITA\nDIGO MODEC',0),(166,'1396',1,'L300K17A4',NULL,NULL,NULL,0,NULL,NULL,NULL,NULL,NULL,NULL,1,NULL,NULL,NULL,NULL,'L300K17A4',NULL,NULL,NULL,1,'12238654','Ok','THIN CLIENT','L300K17A4','','','','','','',0,'2016-12-18','2017-12-18','','',NULL,'',0),(167,'1397',1,'L300K17A3',NULL,NULL,NULL,0,NULL,NULL,NULL,NULL,NULL,NULL,1,NULL,NULL,NULL,NULL,'L300K17A3',NULL,NULL,NULL,1,'12239114','Ok','THIN CLIENT','L300K17A3','0','0','0','0','0','0',0,'2016-12-18','2017-12-18','0','0',NULL,'0',0),(168,'1398',1,'L300K17A4',NULL,NULL,NULL,0,NULL,NULL,NULL,NULL,NULL,NULL,1,NULL,NULL,NULL,NULL,'L300K17A4',NULL,NULL,NULL,1,'12245851','Ok','THIN CLIENT','L300K17A4','0','0','0','0','0','0',0,'2016-12-18','2017-12-18','0','0',NULL,'0',0),(169,'1399',1,'L300K43D7',NULL,NULL,NULL,0,NULL,NULL,NULL,NULL,NULL,NULL,1,NULL,NULL,NULL,NULL,'L300K43D7',NULL,NULL,NULL,1,'12245739','Ok','THIN CLIENT','L300K43D7','0','0','0','0','0','0',0,'2016-12-18','2017-12-18','0','0',NULL,'0',0),(170,'1400',1,'L300K43D7',NULL,NULL,NULL,0,NULL,NULL,NULL,NULL,NULL,NULL,1,NULL,NULL,NULL,NULL,'L300K43D7',NULL,NULL,NULL,1,'12246533','Ok','THIN CLIENT','L300K43D7','0','0','0','0','0','0',0,'2016-12-18','2017-12-18','0','0',NULL,'0',0),(171,'1401',1,'L300K17A4',NULL,NULL,NULL,0,NULL,NULL,NULL,NULL,NULL,NULL,1,NULL,NULL,NULL,NULL,'L300K17A4',NULL,NULL,NULL,1,'12812280','Ok','THIN CLIENT','L300K17A4','0','0','0','0','0','0',0,'2016-12-18','2017-12-18','0','0',NULL,'0',0),(172,'1402',1,'L300K17A4',NULL,NULL,NULL,0,NULL,NULL,NULL,NULL,NULL,NULL,1,NULL,NULL,NULL,NULL,'L300K17A4',NULL,NULL,NULL,1,'12808642','Ok','THIN CLIENT','L300K17A4','0','0','0','0','0','0',0,'2016-12-18','2017-12-18','0','0',NULL,'0',0),(173,'1403',1,'L300K17A4',NULL,NULL,NULL,0,NULL,NULL,NULL,NULL,NULL,NULL,1,NULL,NULL,NULL,NULL,'L300K17A4',NULL,NULL,NULL,1,'12245964','Ok','THIN CLIENT','L300K17A4','0','0','0','0','0','0',0,'2016-12-18','2017-12-18','0','0',NULL,'0',0),(174,'1404',4,'L300K17A4',NULL,NULL,NULL,0,0,NULL,NULL,0,NULL,NULL,1,NULL,NULL,NULL,NULL,'L300K17A4',NULL,NULL,NULL,0,'12818029','','THIN CLIENT','L300K17A4','','','','','','',0,NULL,NULL,'','','','',0),(175,'1405',1,'L300K17A4',NULL,NULL,NULL,0,NULL,NULL,NULL,NULL,NULL,NULL,1,NULL,NULL,NULL,NULL,'L300K17A4',NULL,NULL,NULL,1,'12239084','Ok','THIN CLIENT','L300K17A4','0','0','0','0','0','0',0,'2016-12-18','2017-12-18','0','0',NULL,'0',0),(176,'1406',1,'L300K17A4',NULL,NULL,NULL,0,NULL,NULL,NULL,NULL,NULL,NULL,1,NULL,NULL,NULL,NULL,'L300K17A4',NULL,NULL,NULL,1,'12818944','Ok','THIN CLIENT','L300K17A4','0','0','0','0','0','0',0,'2016-12-18','2017-12-18','0','0',NULL,'0',0),(177,'1407',1,'L300K17A4',NULL,NULL,NULL,0,NULL,NULL,NULL,NULL,NULL,NULL,1,NULL,NULL,NULL,NULL,'L300K17A4',NULL,NULL,NULL,1,'12010341','Ok','THIN CLIENT','L300K17A4','0','0','0','0','0','0',0,'2016-12-18','2017-12-18','0','0',NULL,'0',0),(178,'1408',1,'L300K17A4',NULL,NULL,NULL,0,NULL,NULL,NULL,NULL,NULL,NULL,1,NULL,NULL,NULL,NULL,'L300K17A4',NULL,NULL,NULL,1,'12237729','','THIN CLIENT','L300K17A4','0','0','0','0','0','0',0,'2016-12-18','2017-12-18','0','0',NULL,'3572-FACHRUL',0),(179,'1409',1,'L300K17A4',NULL,NULL,NULL,0,NULL,NULL,NULL,NULL,NULL,NULL,1,NULL,NULL,NULL,NULL,'L300K17A4',NULL,NULL,NULL,1,'12239047','Ok','THIN CLIENT','L300K17A4','0','0','0','0','0','0',0,'2016-12-18','2017-12-18','0','0',NULL,'0',0),(180,'1410',1,'L300K17A4',NULL,NULL,NULL,0,NULL,NULL,NULL,NULL,NULL,NULL,1,NULL,NULL,NULL,NULL,'L300K17A4',NULL,NULL,NULL,1,'12818075','Ok','THIN CLIENT','L300K17A4','0','0','0','0','0','0',0,'2016-12-18','2017-12-18','0','0',NULL,'0',0),(181,'1411',1,'L300K17A4',NULL,NULL,NULL,0,NULL,NULL,NULL,NULL,NULL,NULL,1,NULL,NULL,NULL,NULL,'L300K17A4',NULL,NULL,NULL,1,'12239015','Ok','THIN CLIENT','L300K17A4','0','0','0','0','0','0',0,'2016-12-18','2017-12-18','0','0',NULL,'0',0),(182,'1412',1,'L300K43C7',NULL,NULL,NULL,0,NULL,NULL,NULL,NULL,NULL,NULL,1,NULL,NULL,NULL,NULL,'L300K43C7',NULL,NULL,NULL,1,'12687598','Ok','THIN CLIENT','L300K43C7','0','0','0','0','0','0',0,'2016-12-18','2017-12-18','0','0',NULL,'0',0),(183,'1413',1,'L300K43D7',NULL,NULL,NULL,0,NULL,NULL,NULL,NULL,NULL,NULL,1,NULL,NULL,NULL,NULL,'L300K43D7',NULL,NULL,NULL,1,'12817369','Ok','THIN CLIENT','L300K43D7','0','0','0','0','0','0',0,'2016-12-18','2017-12-18','0','0',NULL,'0',0),(184,'1414',1,'L300K43D7',NULL,NULL,NULL,0,NULL,NULL,NULL,NULL,NULL,NULL,1,NULL,NULL,NULL,NULL,'L300K43D7',NULL,NULL,NULL,1,'12817376','Ok','THIN CLIENT','L300K43D7','0','0','0','0','0','0',0,'2016-12-18','2017-12-18','0','0',NULL,'0',0),(185,'1415',1,'L300K43D7',NULL,NULL,NULL,0,NULL,NULL,NULL,NULL,NULL,NULL,1,NULL,NULL,NULL,NULL,'L300K43D7',NULL,NULL,NULL,1,'12818154','Ok','THIN CLIENT','L300K43D7','0','0','0','0','0','0',0,'2016-12-18','2017-12-18','0','0',NULL,'0',0),(186,'1416',1,'L300K43D7',NULL,NULL,NULL,0,NULL,NULL,NULL,NULL,NULL,NULL,1,NULL,NULL,NULL,NULL,'L300K43D7',NULL,NULL,NULL,1,'12818948','Ok','THIN CLIENT','L300K43D7','0','0','0','0','0','0',0,'2016-12-18','2017-12-18','0','0',NULL,'0',0),(187,'1417',1,'L300K43D7',NULL,NULL,NULL,0,NULL,NULL,NULL,NULL,NULL,NULL,1,NULL,NULL,NULL,NULL,'L300K43D7',NULL,NULL,NULL,1,'12808408','Ok','THIN CLIENT','L300K43D7','0','0','0','0','0','0',0,'2016-12-18','2017-12-18','0','0',NULL,'0',0),(188,'1418',1,'L300K43D7',NULL,NULL,NULL,0,NULL,NULL,NULL,NULL,NULL,NULL,1,NULL,NULL,NULL,NULL,'L300K43D7',NULL,NULL,NULL,1,'12818943','Ok','THIN CLIENT','L300K43D7','0','0','0','0','0','0',0,'2016-12-18','2017-12-18','0','0',NULL,'0',0),(189,'1419',1,'L300K43D7',NULL,NULL,NULL,0,NULL,NULL,NULL,NULL,NULL,NULL,1,NULL,NULL,NULL,NULL,'L300K43D7',NULL,NULL,NULL,1,'12818956','Ok','THIN CLIENT','L300K43D7','0','0','0','0','0','0',0,'2016-12-18','2017-12-18','0','0',NULL,'3539 - RELTA GINTING',0),(190,'1420',1,'L300K43D7',NULL,NULL,NULL,0,NULL,NULL,NULL,NULL,NULL,NULL,1,NULL,NULL,NULL,NULL,'L300K43D7',NULL,NULL,NULL,1,'12818007','Ok','THIN CLIENT','L300K43D7','0','0','0','0','0','0',0,'2016-12-18','2017-12-18','0','0',NULL,'0',0),(191,'1421',1,'L300K43D7',NULL,NULL,NULL,0,NULL,NULL,NULL,NULL,NULL,NULL,1,NULL,NULL,NULL,NULL,'L300K43D7',NULL,NULL,NULL,1,'12817904','Ok','THIN CLIENT','L300K43D7','0','0','0','0','0','0',0,'2016-12-18','2017-12-18','0','0',NULL,'0',0),(192,'1422',1,'L300K43D7',NULL,NULL,NULL,0,NULL,NULL,NULL,NULL,NULL,NULL,1,NULL,NULL,NULL,NULL,'L300K43D7',NULL,NULL,NULL,1,'12817372','Ok','THIN CLIENT','L300K43D7','0','0','0','0','0','0',0,'2016-12-18','2017-12-18','0','0',NULL,'0',0),(193,'1423',1,'L300K43D7',NULL,NULL,NULL,0,NULL,NULL,NULL,NULL,NULL,NULL,1,NULL,NULL,NULL,NULL,'L300K43D7',NULL,NULL,NULL,1,'12818014','Ok','THIN CLIENT','L300K43D7','0','0','0','0','0','0',0,'2016-12-18','2017-12-18','0','0',NULL,'0',0),(194,'1424',1,'L300K43D7',NULL,NULL,NULL,0,NULL,NULL,NULL,NULL,NULL,NULL,1,NULL,NULL,NULL,NULL,'L300K43D7',NULL,NULL,NULL,1,'12818036','Ok','THIN CLIENT','L300K43D7','0','0','0','0','0','0',0,'2016-12-18','2017-12-18','0','0',NULL,'0',0),(195,'1425',1,'L300K43D7',NULL,NULL,NULL,0,NULL,NULL,NULL,NULL,NULL,NULL,1,NULL,NULL,NULL,NULL,'L300K43D7',NULL,NULL,NULL,1,'12818939','Ok','THIN CLIENT','L300K43D7','0','0','0','0','0','0',0,'2016-12-18','2017-12-18','0','0',NULL,'0',0),(196,'1426',1,'L300K43D7',NULL,NULL,NULL,0,NULL,NULL,NULL,NULL,NULL,NULL,1,NULL,NULL,NULL,NULL,'L300K43D7',NULL,NULL,NULL,1,'12245979','Ok','THIN CLIENT','L300K43D7','0','0','0','0','0','0',0,'2016-12-18','2017-12-18','0','0',NULL,'0',0),(197,'1427',1,'L300K43D7',NULL,NULL,NULL,0,NULL,NULL,NULL,NULL,NULL,NULL,1,NULL,NULL,NULL,NULL,'L300K43D7',NULL,NULL,NULL,1,'12818019','Ok','THIN CLIENT','L300K43D7','0','0','0','0','0','0',0,'2016-12-18','2017-12-18','0','0',NULL,'0',0),(198,'1428',1,'L300K43D7',NULL,NULL,NULL,0,NULL,NULL,NULL,NULL,NULL,NULL,1,NULL,NULL,NULL,NULL,'L300K43D7',NULL,NULL,NULL,1,'12806917','Ok','THIN CLIENT','L300K43D7','0','0','0','0','0','0',0,'2016-12-18','2017-12-18','0','0',NULL,'0',0),(199,'1429',1,'L300K43D7',NULL,NULL,NULL,0,NULL,NULL,NULL,NULL,NULL,NULL,1,NULL,NULL,NULL,NULL,'L300K43D7',NULL,NULL,NULL,1,'12808403','Ok','THIN CLIENT','L300K43D7','0','0','0','0','0','0',0,'2016-12-18','2017-12-18','0','0',NULL,'0',0),(200,'1430',1,'L300K43D7',NULL,NULL,NULL,0,NULL,NULL,NULL,NULL,NULL,NULL,1,NULL,NULL,NULL,NULL,'L300K43D7',NULL,NULL,NULL,1,'12817922','Ok','THIN CLIENT','L300K43D7','0','0','0','0','0','0',0,'2016-12-18','2017-12-18','0','0',NULL,'0',0),(201,'1431',1,'L300K43D7',NULL,NULL,NULL,0,NULL,NULL,NULL,NULL,NULL,NULL,1,NULL,NULL,NULL,NULL,'L300K43D7',NULL,NULL,NULL,1,'12808663','Ok','THIN CLIENT','L300K43D7','0','0','0','0','0','0',0,'2016-12-18','2017-12-18','0','0',NULL,'0',0),(202,'1432',1,'L300K43D7',NULL,NULL,NULL,0,NULL,NULL,NULL,NULL,NULL,NULL,1,NULL,NULL,NULL,NULL,'L300K43D7',NULL,NULL,NULL,1,'12817920','Ok','THIN CLIENT','L300K43D7','0','0','0','0','0','0',0,'2016-12-18','2017-12-18','0','0',NULL,'0',0),(203,'1433',1,'L300K43D7',NULL,NULL,NULL,0,NULL,NULL,NULL,NULL,NULL,NULL,1,NULL,NULL,NULL,NULL,'L300K43D7',NULL,NULL,NULL,1,'12818966','Ok','THIN CLIENT','L300K43D7','0','0','0','0','0','0',0,'2016-12-18','2017-12-18','0','0',NULL,'0',0),(204,'1434',1,'L300K43D7',NULL,NULL,NULL,0,NULL,NULL,NULL,NULL,NULL,NULL,1,NULL,NULL,NULL,NULL,'L300K43D7',NULL,NULL,NULL,1,'12246118','Ok','THIN CLIENT','L300K43D7','','','','','','',0,'2016-12-18','2017-12-18','','',NULL,'',0),(205,'1435',1,'L300K43D7',NULL,NULL,NULL,0,NULL,NULL,NULL,NULL,NULL,NULL,1,NULL,NULL,NULL,NULL,'L300K43D7',NULL,NULL,NULL,1,'12246120','Ok','THIN CLIENT','L300K43D7','','','','','','',0,'2016-12-18','2017-12-18','','',NULL,'',0),(206,'1436',1,'L300K43D7',NULL,NULL,NULL,0,NULL,NULL,NULL,NULL,NULL,NULL,1,NULL,NULL,NULL,NULL,'L300K43D7',NULL,NULL,NULL,1,'12820603','Ok','THIN CLIENT','L300K43D7','','','','','','',0,'2016-12-18','2017-12-18','','',NULL,'',0),(207,'1437',1,'L300K43D7',NULL,NULL,NULL,0,NULL,NULL,NULL,NULL,NULL,NULL,1,NULL,NULL,NULL,NULL,'L300K43D7',NULL,NULL,NULL,1,'12812320','Ok','THIN CLIENT','L300K43D7','0','0','0','0','0','0',0,'2016-12-18','2017-12-18','0','0',NULL,'0',0),(208,'1438',1,'DELL Optiplex 790',NULL,NULL,NULL,0,NULL,NULL,NULL,NULL,NULL,NULL,1,NULL,NULL,NULL,NULL,'DELL Optiplex 790',NULL,NULL,NULL,1,'1X28B2S','4175912980','DESKTOP','DELL Optiplex 790','Windows 7 64Bit OEM License','Core i5','8 GB','500 GB','0','WEPC1X28B2S',0,'2016-12-18','2017-12-18','Windows 7 Pro OA | Product Key : BXRRD-RTTK6-QQD4C-WKP2J-C7TJ3','VYBBJ-TRJPB-QFQRF-QFT4D-H3GVB',NULL,'RIO HADI ALAKARIM ,\n(3189)TAMBOK SUHUT SARAGIH',0),(209,'1439',1,'DELL Optiplex 390',NULL,NULL,NULL,0,NULL,NULL,NULL,NULL,NULL,NULL,1,NULL,NULL,NULL,NULL,'DELL Optiplex 390',NULL,NULL,NULL,1,'2RWBB2S','6040426708','DESKTOP','DELL Optiplex 390','Windows 7 64Bit Dell License','Core i3','8 GB','500 GB','0','WEIPC2RWBB2S',0,'2016-12-18','2017-12-18','Windows 7 Pro OA | Product Key : V4FQW-RXQTC-PQMQV-3B9VR-KV2QB','VYBBJ-TRJPB-QFQRF-QFT4D-H3GVB',NULL,'ex VERA ex (02-3193) HENDRA OKTAVANI\nex(02-3074) AZIZAH AZHAR\nex(02-413)WINARSO, ex PUPUT NOVITASARI (3186)',0),(210,'1440',1,'DELL Optiplex 3020',NULL,NULL,NULL,0,NULL,NULL,NULL,NULL,NULL,NULL,1,NULL,NULL,NULL,NULL,'DELL Optiplex 3020',NULL,NULL,NULL,1,'29GRQ12','4925927558','DESKTOP','DELL Optiplex 3020','Windows 7 64Bit Dell License','Core i5','4 GB','500 GB','0','WEIPC29GRQ12',1,'2015-06-17','2017-06-17','Windows 8 Pro','2RQ6Y-H2YT3-4WW7R-8QMX4-TKVKV',NULL,'ex ALEXANDER JAMES PALOBO',0),(211,'1441',1,'DELL Optiplex 3020',NULL,NULL,NULL,0,NULL,NULL,NULL,NULL,NULL,NULL,1,NULL,NULL,NULL,NULL,'DELL Optiplex 3020',NULL,NULL,NULL,1,'7N5XQ12','16638169862','DESKTOP','DELL Optiplex 3020','Windows 7 64Bit Dell License','Core i5','8 GB','1 TB','0','WEIPC7N5XQ12',1,'1970-01-01','1970-01-01','Windows 8 Pro','0',NULL,'ex (02-3424)TANZIEL AZIEZ HASIBUAN\nex SAIFUL ALAMSYAH (02-1784)\nex(02-1450)RIO HADI ALKARIM',0),(212,'1442',1,'DELL Optiplex 3020',NULL,NULL,NULL,0,NULL,NULL,NULL,NULL,NULL,NULL,1,NULL,NULL,NULL,NULL,'DELL Optiplex 3020',NULL,NULL,NULL,1,'871JW22','17840129546','DESKTOP','DELL Optiplex 3020','Windows 7 64Bit Dell License','Core i5','8 GB','1 TB','0','WEIPC871JW22',1,'2015-09-29','2017-09-29','Windows 8 Pro','0',NULL,'PURNAMA VINAYA\n(02-3044)MASLIHANA ANGGRAENI\n(02-1585)MOHAMAD YUSUF',0),(213,'1443',1,'DELL Optiplex 3020',NULL,NULL,NULL,0,NULL,NULL,NULL,NULL,NULL,NULL,1,NULL,NULL,NULL,NULL,'DELL Optiplex 3020',NULL,NULL,NULL,1,'BJ9VQ02','25110059618','DESKTOP','DELL Optiplex 3020','Windows 7 64Bit Dell License','Core i5','8 GB','1 TB','0','WEIPCBJ9VQ02',1,'2016-04-15','2017-04-15','Windows 8 Pro','0',NULL,'ex (02-2274) SYAFRINALDI\nex (02-2497)OKTAVIA\nex (02-1129) AHMAD FAUZI IRAWANTO',0),(214,'1444',1,'DELL Optiplex 3020',NULL,NULL,NULL,0,NULL,NULL,NULL,NULL,NULL,NULL,1,NULL,NULL,NULL,NULL,'DELL Optiplex 3020',NULL,NULL,NULL,1,'CV5XQ12','28005810950','DESKTOP','DELL Optiplex 3020','Windows 7 64Bit Dell License','Core i5','4 GB','1 TB','0','WEI-DEAAHMI-PC',1,'1970-01-01','1970-01-01','Windows 8 Pro','0',NULL,'0',0),(215,'1445',1,'DELL Optiplex 3010',NULL,NULL,NULL,0,NULL,NULL,NULL,NULL,NULL,NULL,1,NULL,NULL,NULL,NULL,'DELL Optiplex 3010',NULL,NULL,NULL,1,'93GSF2S','19800639316','DESKTOP','DELL Optiplex 3010','Windows 7 32Bit Dell License','Core i3','4 GB','1 TB','0','WEIPC93GSF2S',1,'2013-11-24','2015-11-24','0','2RQ6Y-H2YT3-4WW7R-8QMX4-TKVKV',NULL,'ex ex (02,3230) BRONSON SIREGAR  ex (02-1678)ARIF BUDIANTO',0),(216,'1446',1,'DELL Latitude E5410',NULL,NULL,NULL,0,NULL,NULL,NULL,NULL,NULL,NULL,1,NULL,NULL,NULL,NULL,'DELL Latitude E5410',NULL,NULL,NULL,1,'3BKDXM1','7229717353','LAPTOP','DELL Latitude E5410','Windows 7 32Bit Dell License','Core i5','4 GB','250 GB','0','WET-THANVELL-NB',0,'2013-11-24','2015-11-24','0','V7QKV-4XVVR-XYV4D-F7DFM-8R6BM',NULL,'Spare ex Third Laptop For Manaster using in Jangkrik Project ex 02-1559 (PAULUS)',0),(217,'1447',1,'DELL Latitude E5430',NULL,NULL,NULL,0,NULL,NULL,NULL,NULL,NULL,NULL,1,NULL,NULL,NULL,NULL,'DELL Latitude E5430',NULL,NULL,NULL,1,'BVYWMX1','25877686789','LAPTOP','DELL Latitude E5430','Windows 7 64Bit Dell License','Core i5','4 GB','500 GB','0','WEINBBVYWMX1',1,'2015-07-25','2016-07-25','0','0',NULL,'(02-1123)MOHD. NUR AFDHALI',0),(218,'1448',1,'DELL Latitude E5440',NULL,NULL,NULL,0,NULL,NULL,NULL,NULL,NULL,NULL,1,NULL,NULL,NULL,NULL,'DELL Latitude E5440',NULL,NULL,NULL,1,'776HF12','15671629910','LAPTOP','DELL Latitude E5440','Windows 7 64Bit Dell License','Core i5','4 GB','500 GB','0','WEINB776HF12',1,'1970-01-01','1970-01-01','Windows 7 Pro OA | Product Key : 4CMKK-VJ9TY-DPB7M-MP6GM-YRMHG','V7QKV-4XVVR-XYV4D-F7DFM-8R6BM',NULL,'(02-655) FIRDAUS',0),(219,'1449',1,'DELL Latitude E5440',NULL,NULL,NULL,0,NULL,NULL,NULL,NULL,NULL,NULL,1,NULL,NULL,NULL,NULL,'DELL Latitude E5440',NULL,NULL,NULL,1,'7YPDG12','17335944038','LAPTOP','DELL Latitude E5440','Windows 7 64Bit Dell License','Core i5','4 GB','500 GB','0','WEINB7YPDG12',1,'1970-01-01','1970-01-01','Windows 7 Pro OA | Product Key : 6BBDQ-868B4-Q7MFQ-XHG38-FT73Y','0',NULL,'(02-1500) JIMMY ALFANDO PANGARIBUAN L',0),(220,'1450',1,'DELL Latitude E5440',NULL,NULL,NULL,0,NULL,NULL,NULL,NULL,NULL,NULL,1,NULL,NULL,NULL,NULL,'DELL Latitude E5440',NULL,NULL,NULL,1,'82QDG12','17579488358','LAPTOP','DELL Latitude E5440','Windows 7 64Bit Dell License','Core i5','4 GB','500 GB','0','WEINB82QDG12',1,'1970-01-01','1970-01-01','Windows 7 Pro OA | Product Key : H67FF-DYJ9Y-Q46VG-74FTM-2F3BK','V7QKV-4XVVR-XYV4D-F7DFM-8R6BM',NULL,'ex(3257)JAROT ISKANDAR',0),(221,'1451',1,'DELL Latitude E5440',NULL,NULL,NULL,0,NULL,NULL,NULL,NULL,NULL,NULL,1,NULL,NULL,NULL,NULL,'DELL Latitude E5440',NULL,NULL,NULL,1,'966HF12','0','LAPTOP','DELL Latitude E5440','Windows 7 64Bit Dell License','Core i5','4 GB','500 GB','0','WEINB966HF12',1,'1970-01-01','1970-01-01','0','YBM3C-89JBX-Y8KPH-9RPMD-RWWCQ',NULL,'ex Muhammad Azhari ex Fitriani Modec',0),(222,'1452',1,'DELL Latitude E5440',NULL,NULL,NULL,0,NULL,NULL,NULL,NULL,NULL,NULL,1,NULL,NULL,NULL,NULL,'DELL Latitude E5440',NULL,NULL,NULL,1,'8VC2M12','0','LAPTOP','DELL Latitude E5440','Windows 7 64Bit Dell License','Core i5','4 GB','500 GB','0','WEIPC8VC2M12',1,'2016-12-18','2017-12-18','0','0',NULL,'ex (02-3221) NELSON ARITONANG Ex\n(02-1923) ABDUL GANI WIRMANDY',0),(223,'1453',1,'OptiPlex 990',NULL,NULL,NULL,0,NULL,NULL,NULL,NULL,NULL,NULL,1,NULL,NULL,NULL,NULL,'OptiPlex 990',NULL,NULL,NULL,1,'39LHC2S','7110623332','DESKTOP','OptiPlex 990','Windows Server 2008RD','Core i7','16 GB','1 TB','0','WEI-INDO-TSVR01',0,'2016-12-18','2017-12-18','VR6XJ-DV26J-Q66VJ-RQ9YT-4HXDX','0',NULL,'0',0),(224,'1454',1,'Dell OptiPlex 9020',NULL,NULL,NULL,0,NULL,NULL,NULL,NULL,NULL,NULL,1,NULL,NULL,NULL,NULL,'Dell OptiPlex 9020',NULL,NULL,NULL,1,'13GRQ12','2386348166','DESKTOP','Dell OptiPlex 9020','Windows Server 2008RD','Core i7','32 GB','1 TB','0','WEI-INDO-TSVR2',1,'2015-07-17','2017-07-17','0','0',NULL,'0',0),(225,'1455',1,'Dell OptiPlex 9020',NULL,NULL,NULL,0,NULL,NULL,NULL,NULL,NULL,NULL,1,NULL,NULL,NULL,NULL,'Dell OptiPlex 9020',NULL,NULL,NULL,1,'H65XQ12','37378068230','DESKTOP','Dell OptiPlex 9020','Windows Server 2008RD','Core i7','32 GB','1 TB','0','WEI-INDO-TSVR03',1,'1970-01-01','1970-01-01','0','0',NULL,'0',0),(226,'1456',1,'Dell OptiPlex 9020',NULL,NULL,NULL,0,NULL,NULL,NULL,NULL,NULL,NULL,1,NULL,NULL,NULL,NULL,'Dell OptiPlex 9020',NULL,NULL,NULL,1,'975XQ12','20024275718','DESKTOP','Dell OptiPlex 9020','Windows Server 2008RD','Core i7','32 GB','1 TB','0','WEI-INDO-TSVR04',1,'1970-01-01','1970-01-01','0','0',NULL,'0',0),(227,'1457',1,'IBM System x3200',NULL,NULL,NULL,0,NULL,NULL,NULL,NULL,NULL,NULL,1,NULL,NULL,NULL,NULL,'IBM System x3200',NULL,NULL,NULL,1,'99C1821, MT : 4362','436272A','DESKTOP','IBM System x3200','Windows Server 2008 R2 Standard 64-bit','XEON','4 GB','500 GB','0','IDBTWEGPADC001',1,'1970-01-01','1970-01-01','0','0',NULL,'0',0),(228,'1458',1,'IBM System x3200',NULL,NULL,NULL,0,NULL,NULL,NULL,NULL,NULL,NULL,1,NULL,NULL,NULL,NULL,'IBM System x3200',NULL,NULL,NULL,1,'99C0613, MT : 4367','436742A','DESKTOP','IBM System x3200','Windows Server 2008 R2 Standard 64-bit','XEON','2 GB','500 GB','0','0',1,'1970-01-01','1970-01-01','0','0',NULL,'0',0),(229,'1459',1,'PowerEdge R520',NULL,NULL,NULL,0,NULL,NULL,NULL,NULL,NULL,NULL,1,NULL,NULL,NULL,NULL,'PowerEdge R520',NULL,NULL,NULL,1,'J3296Z1','0','DESKTOP','PowerEdge R520','Windows Server 2008 R2 Standard 64-bit','XEON','32 GB','1 TB','0','0',0,'1970-01-01','1970-01-01','0','0',NULL,'0',0),(230,'1460',1,'Dell Optiplex 3010',NULL,NULL,NULL,0,NULL,NULL,NULL,NULL,NULL,NULL,1,NULL,NULL,NULL,NULL,'Dell Optiplex 3010',NULL,NULL,NULL,1,'FB31ZY1','33321995065','DESKTOP','Dell Optiplex 3010','Windows 7 64Bit Dell License','Core i5','4 GB','500 GB','','WEI-NURLIAH-PC',0,'1970-01-01','1970-01-01','','',NULL,'',0),(231,'1461',1,'Dell Optiplex E5410',NULL,NULL,NULL,0,NULL,NULL,NULL,NULL,NULL,NULL,1,NULL,NULL,NULL,NULL,'Dell Optiplex E5410',NULL,NULL,NULL,1,'67CN3N1','13505190445','LAPTOP','Dell Optiplex E5410','Windows 7 64Bit Dell License','Core i6','4 GB','500 GB','','',0,'1970-01-01','1970-01-01','','',NULL,'EX jobu',0),(232,'1462',1,'Dell Precision T3600',NULL,NULL,NULL,0,NULL,NULL,NULL,NULL,NULL,NULL,1,NULL,NULL,NULL,NULL,'Dell Precision T3600',NULL,NULL,NULL,1,'F96T8X1','33207372901','DESKTOP','Dell Precision T3600','','','','','','',0,'1970-01-01','1970-01-01','','',NULL,'',0),(233,'1463',1,'Lenovo TAB3 7 Essential',NULL,NULL,NULL,0,NULL,NULL,NULL,NULL,NULL,NULL,1,NULL,NULL,NULL,NULL,'Lenovo TAB3 7 Essential',NULL,NULL,NULL,1,'HGENG120','','TABLET','Lenovo TAB3 7 Essential','ANDROID 5.1','1.3 GHZ','LP DDR3 1G','1GB + 8GB','','',0,'1970-01-01','1970-01-01','','',NULL,'',0),(259,'1489',4,'Mouse',NULL,NULL,NULL,0,1,'2017-04-11','2017-05-11',1,'2017-04-11','2017-05-11',1,NULL,NULL,NULL,NULL,'Logitech',NULL,NULL,NULL,4,'','','','','','','','','','',1,'2017-04-11','2017-05-11','','','','',1),(260,'1490',4,'Keyboard',NULL,NULL,NULL,0,1,NULL,NULL,1,NULL,NULL,0,NULL,NULL,NULL,NULL,'Keyboard Dell',NULL,NULL,NULL,4,NULL,NULL,NULL,NULL,NULL,NULL,NULL,NULL,NULL,NULL,1,NULL,NULL,NULL,NULL,NULL,NULL,NULL),(261,'1491',4,'Keyboard Dell',NULL,NULL,NULL,0,1,'2017-04-11','2017-05-11',1,'2017-04-11','2017-05-11',1,NULL,NULL,NULL,NULL,'',NULL,NULL,NULL,4,'','','','','','','','','','',1,'2017-04-11','2017-05-11','','','','',1),(262,'1492',4,'Monitor Dell 17inch',NULL,NULL,NULL,0,1,'2017-04-11','2017-05-11',1,'2017-04-11','2017-05-11',1,NULL,NULL,NULL,NULL,'',NULL,NULL,NULL,4,'','','','','','','','','','',1,'2017-04-11','2017-05-11','','','','',1),(263,'1493',4,'Notebook Lock',NULL,NULL,NULL,0,1,'2017-04-22','2017-05-22',1,'2017-04-22','2017-05-22',1,NULL,NULL,NULL,NULL,'',NULL,NULL,NULL,4,'','','','','','','','','','',1,'2017-04-22','2017-05-22','','','','',1),(264,'1494',4,'Bag Dell',NULL,NULL,NULL,0,1,'2017-04-22','2017-05-22',1,'2017-04-22','2017-05-22',1,NULL,NULL,NULL,NULL,'',NULL,NULL,NULL,4,'','','','','','','','','','',1,'2017-04-22','2017-05-22','','','','',1),(265,'1495',4,'Monitor Samsung',NULL,NULL,NULL,0,1,'2017-04-29','2017-05-29',1,'2017-04-29','2017-05-29',1,NULL,NULL,NULL,NULL,'',NULL,NULL,NULL,4,'','','','','','','','','','',1,'2017-04-29','2017-05-29','','','','',1),(266,'1464',7,'Destkop',NULL,NULL,NULL,0,1,'2017-08-16','2017-09-16',1,'2017-08-16','2017-09-16',1,NULL,NULL,NULL,NULL,'',NULL,NULL,NULL,4,'4X13B2S','10704347092','Destkop','Dell Optiplex 990','Windows 7 Profesional 990','I3','4 GB','320 GB','','WEIPC4X13B2S',1,'2017-08-16','2017-09-16','','','','',0),(267,'1500',7,'Monitor ',NULL,NULL,NULL,0,1,'2017-08-23','2017-09-23',1,'2017-08-23','2017-09-23',1,NULL,NULL,NULL,NULL,'',NULL,NULL,NULL,0,'','','','','','','','','','',1,'2017-08-23','2017-09-23','','','','',1),(268,'1465',7,'Dell Optiplex 990',NULL,NULL,NULL,0,1,'2017-08-23','2017-09-23',1,'2017-08-23','2017-09-23',1,NULL,NULL,NULL,NULL,'',NULL,NULL,NULL,4,'H5QL82S','','Destkop','Dell Optiplex 990','Windows 7 Profesional','I3','4 GB','320 GB','','',1,'2017-08-23','2017-09-23','','','','',0),(269,'1466',7,'DELL OPTIPLEX 3020',NULL,NULL,NULL,0,0,NULL,NULL,0,NULL,NULL,1,NULL,NULL,NULL,NULL,'DELL OPTIPLEX 3020',NULL,NULL,NULL,4,'9363F02','19782676658','DESKTOP','DELL OPTIPLEX 3020','Windows 7 64Bit Dell License','Core i5','8 GB','500 GB','-','WEIPC9363F02',1,'2014-03-26','2017-09-24','-','-','-','-',0),(270,'1467',7,'Dell Optiplex 990',NULL,NULL,NULL,0,1,'2017-08-28','2017-09-28',1,'2017-08-28','2017-09-28',1,NULL,NULL,NULL,NULL,'',NULL,NULL,NULL,4,'7ZX592S','','Destkop','Dell Optiplex 990','Windows 7 Profesional','I3','4 GB','320 GB','','WEIPC7ZX592S',1,'2017-08-28','2017-09-28','','','','',0),(271,'1468',7,'Dell Optiplex 990',NULL,NULL,NULL,0,1,'2017-08-31','2017-10-01',1,'2017-08-31','2017-10-01',1,NULL,NULL,NULL,NULL,'',NULL,NULL,NULL,4,'9ZX592S','','Destkop','Dell Optiplex 990','Windows 7 Profesional 32bit','I3','4 GB','320 GB','','WEIPC9ZX592S',1,'2017-08-31','2017-10-01','','','','',0),(272,'1469',7,'Computer',NULL,NULL,NULL,0,1,'2017-09-11','2017-10-11',1,'2017-09-11','2017-10-11',1,NULL,NULL,NULL,NULL,'',NULL,NULL,NULL,4,'','','','','','','','','','',1,'2017-09-11','2017-10-11','','','','',0),(273,'1481',7,'Dell Optiplex 3020',NULL,NULL,NULL,0,1,'2017-09-22','2017-10-22',1,'2017-09-22','2017-10-22',1,NULL,NULL,NULL,NULL,'',NULL,NULL,NULL,4,'','','','','','','','','','',1,'2017-09-22','2017-10-22','','','','',0),(274,'1475',7,'Dell Optiplex 990',NULL,NULL,NULL,0,1,'2017-09-29','2017-10-29',1,'2017-09-29','2017-10-29',1,NULL,NULL,NULL,NULL,'',NULL,NULL,NULL,4,'JKSY92S','','Destkop','Dell Optiplex 990','Windows 7 Profesional 32bit','I3','4 GB','500 gb','','weipcJKSY92S',1,'2017-09-29','2017-10-29','','','','',0),(275,'1476',7,'Dell Optiplex 990',NULL,NULL,NULL,0,1,'2017-09-29','2017-10-29',1,'2017-09-29','2017-10-29',1,NULL,NULL,NULL,NULL,'',NULL,NULL,NULL,4,'1LSY92S','','Destkop','Dell Optiplex 990','Windows 7 Profesional 32bit','I3','4 GB','320 GB','','',1,'2017-09-29','2017-10-29','','','','',0),(276,'1477',7,'Dell Optiplex 990',NULL,NULL,NULL,0,1,'2017-09-29','2017-10-29',1,'2017-09-29','2017-10-29',1,NULL,NULL,NULL,NULL,'',NULL,NULL,NULL,4,'DX52F02','','Destkop','Dell Optiplex 3020','Windows 7 Profesional 32bit','I3','8 GB','500 gb','','',1,'2017-09-29','2017-10-29','','','','',0),(277,'1470',4,'Keyboadrd Logitech',NULL,NULL,NULL,0,1,'2017-09-29','2017-10-29',1,'2017-09-29','2017-10-29',1,NULL,NULL,NULL,NULL,'',NULL,NULL,NULL,4,'','','','','','','','','','',1,'2017-09-29','2017-10-29','','','','',1),(278,'1472',8,'Dell Optiplex 3010',NULL,NULL,NULL,0,1,'2017-10-08','2017-11-08',1,'2017-10-08','2017-11-08',1,NULL,NULL,NULL,NULL,'From WESS',NULL,NULL,NULL,4,'6NT46Z1','14500320589','Destkop','Dell Optiplex 3010','Windows 7 Profesional 64bit','I5','8 GB','500 Gb','','WEIPC6NT46Z1',1,'2017-10-08','2017-11-08','','','','',0),(279,'1473',4,'Bag WEI - Laptop',NULL,NULL,NULL,0,1,'2017-10-12','2017-11-12',1,'2017-10-12','2017-11-12',1,NULL,NULL,NULL,NULL,'',NULL,NULL,NULL,4,'','','','','','','','','','',1,'2017-10-12','2017-11-12','','','','',1),(280,'1474',4,'Adapter Laptop Dell',NULL,NULL,NULL,0,1,'2017-10-12','2017-11-12',1,'2017-10-12','2017-11-12',1,NULL,NULL,NULL,NULL,'',NULL,NULL,NULL,4,'','','','','','','','','','',1,'2017-10-12','2017-11-12','','','','',1),(281,'1496',8,'Destkop',NULL,NULL,NULL,0,1,'2017-10-23','2017-11-23',1,'2017-10-23','2017-11-23',1,NULL,NULL,NULL,NULL,'',NULL,NULL,NULL,4,'2KJ56Z1','','Destkop','Dell Optiplex 3010','Windows 7 Profesional 64bit','I3','4 GB','500 gb','','WEIPC2KJ56Z1',1,'2017-10-23','2017-11-23','','','','',0),(282,'1497',8,'Destkop',NULL,NULL,NULL,0,1,'2017-10-23','2017-11-23',1,'2017-10-23','2017-11-23',1,NULL,NULL,NULL,NULL,'',NULL,NULL,NULL,4,'7FXD4Y1','','Destkop','Dell Optiplex 3010','Windows 7 Profesional 64bit','I3','4 GB','500 Gb','','',1,'2017-10-23','2017-11-23','','','','',0),(283,'1471',7,'Destkop ',NULL,NULL,NULL,0,1,'2017-10-31','2017-12-01',1,'2017-10-31','2017-12-01',1,NULL,NULL,NULL,NULL,'',NULL,NULL,NULL,4,'327SWX1','','Destkop','Dell Optiplex 3010','Windows 7 Profesional 64bit','I5','4GB','320 GB','','',1,'2017-10-31','2017-12-01','','','','',0),(284,'1478',7,'DELL Optiplex 3010',NULL,NULL,NULL,0,0,NULL,NULL,0,NULL,NULL,1,NULL,NULL,NULL,NULL,'DELL Optiplex 3010',NULL,NULL,NULL,4,'5HHX82S','11941940260','DESKTOP','DELL Optiplex 3010','Windows 7 64Bit','Core i5','8 GB','500 GB','-','WEIPC5HHX82S',1,'2011-05-18','2014-05-19','-','-','-','-',0),(285,'1501',7,'Destkop',NULL,NULL,NULL,0,0,NULL,NULL,0,NULL,NULL,1,NULL,NULL,NULL,NULL,'',NULL,NULL,NULL,4,'FBCKB2S','33337965844','Destkop','Dell Optiplex 990','Windows 7 Profesional 64bit','I3','4 GB','320 GB','','WEIPCFBCKB2S',1,'2017-12-01','2018-01-01','Product ID: 00371-OEM-8992671-00524  match to CD Key data CD Key: 32KD2-K9CTF-M3DJT-4J3WC-733WD','V7QKV-4XVVR-XYV4D-F7DFM-8R6BM','','Inter (R) Core(TM) i3-2100 CPU @ 3.10GHz (4Cpu), ~3.1GHz',0),(286,'1502',8,'Destkop',NULL,NULL,NULL,0,0,NULL,NULL,0,NULL,NULL,1,NULL,NULL,NULL,NULL,'',NULL,NULL,NULL,4,'9DTH4Y1 ','20426609737','Destkop','Dell Optiplex 3010','Windows 7 Profesional','I3','4 GB','320 GB','','WEIPC9DTH4Y1 ',1,'2017-12-01','2018-01-01','','','','',0),(287,'1504',7,'Laptop Dell',NULL,NULL,NULL,0,0,NULL,NULL,0,NULL,NULL,1,NULL,NULL,NULL,NULL,'',NULL,NULL,NULL,4,'CRKSLQ1','','Laptop','Dell Latitude E5430','Windows 7 Profesional 64bit','I5','4 GB','320 GB','','WEIPCCRKSLQ1',1,'2017-12-14','2018-01-14','','','','',0),(288,'265',7,'Destkop',NULL,NULL,NULL,0,0,NULL,NULL,0,NULL,NULL,1,NULL,NULL,NULL,NULL,'',NULL,NULL,NULL,4,'7387B2S','','Destkop','Dell Optiplex 990','Windows 7 Profesional 64bit','I3','4GB','500 Gb','','WEIPC7387B2S',1,'2017-12-22','2018-01-22','','','','',0),(289,'0001',4,'Mouse - Logitech M100R',NULL,NULL,NULL,0,0,NULL,NULL,0,NULL,NULL,1,NULL,NULL,NULL,NULL,'',NULL,NULL,NULL,4,'9785506026','','Mouse','Logitech M100R','','','','','','',0,NULL,NULL,'','','','',1),(290,'1507',7,'Destkop',NULL,NULL,NULL,0,0,NULL,NULL,0,NULL,NULL,1,NULL,NULL,NULL,NULL,'',NULL,NULL,NULL,4,'CZFHG2S','','Destkop','Dell Optiplex 990','Windows 7 64bit','I5','6 GB','1 TB','','WEIPCCZFHG2S',1,'2018-01-04','2018-02-04','','','','',0),(291,'1525',8,'DELL OPTIPLEX 3010',NULL,NULL,NULL,0,0,NULL,NULL,0,NULL,NULL,1,NULL,NULL,NULL,NULL,'DELL OPTIPLEX 3010',NULL,NULL,NULL,0,'1DTH4Y1','640100446','LAPTOP','DELL Latitude E5440','Windows 7 64Bit Dell License','Core i5','6 GB','500 GB','-','WEIPC1DTH4Y1',1,'2013-07-01','2016-07-02','','','','',0),(292,'1528',9,'LATITUDE E5430',NULL,NULL,NULL,0,0,NULL,NULL,0,NULL,NULL,1,NULL,NULL,NULL,NULL,'LATITUDE E5430',NULL,NULL,NULL,0,'3DSNWL1','640100342','LAPTOP','LATITUDE E5430','Windows 7 32Bit Dell License','Core i5','4 GB','320 GB','','',1,'2011-04-19','2014-04-20','','','','',0),(294,'1511',8,'DELL OPTIPLEX 3010',NULL,NULL,NULL,0,0,NULL,NULL,0,NULL,NULL,1,NULL,NULL,NULL,NULL,'DELL OPTIPLEX 3010; WESSTAG: 32000082',NULL,NULL,NULL,4,'9JJ56Z1','20772053389','DESKTOP','DELL OPTIPLEX 3010','WINDOWS 7 64 BIT','CORE I5','4 GB','500 GB','-','WEIPC9JJ56Z1',1,'2013-11-26','2016-11-25','-','V7QKV-4XVVR-XYV4D-F7DFM-8R6BM','-','-',0),(295,'1509',8,'Dell Optiplex 990',NULL,NULL,NULL,0,0,NULL,NULL,0,NULL,NULL,1,NULL,NULL,NULL,NULL,'Dell Optiplex 990\n',NULL,NULL,NULL,4,'78G3C2S','15748235236','DESKTOP','Dell Optiplex 990','Windows 7 64Bit','CORE I3','12 GB','500 GB','-','WEIPC78G3C2S',1,'2012-01-13','2015-01-14','-','2RQ6Y-H2YT3-4WW7R-8QMX4-TKVKV','-','',0),(296,'1532',5,'L300K43D7 ',NULL,NULL,NULL,0,0,NULL,NULL,0,NULL,NULL,1,NULL,NULL,NULL,NULL,'L300K43D7; WESSTAG:640100411',NULL,NULL,NULL,4,'12238719','-','THINCLIENT ','L300K43D7 ','-','-','-','-','-','-',0,NULL,NULL,'-','-','-','-',0),(297,'1530',8,'DELL PRECISION T3600',NULL,NULL,NULL,0,0,NULL,NULL,0,NULL,NULL,1,NULL,NULL,NULL,NULL,'DELL PRECISION T3600',NULL,NULL,NULL,4,'896T8X1','17969896549','DESKTOP','DELL PRECISION T3600','Windows 7 64Bit','INTEL XEON','16 GB','500 GB','DDR5 NVIDIA QUA','PC640100438-PC',1,'2013-04-22','2016-04-23','','','','',0),(298,'1534',8,'PC - Assembly',NULL,NULL,NULL,0,0,NULL,NULL,0,NULL,NULL,1,NULL,NULL,NULL,NULL,'',NULL,NULL,NULL,4,'G31M-ES2L','','Destkop','Assembly','Windows 7 32bit','Dual Core','4 GB','250 GB','','',0,NULL,NULL,'','','','',0),(299,'1480',8,'Dell OptiPlex 3020 ',NULL,NULL,NULL,0,0,NULL,NULL,0,NULL,NULL,1,NULL,NULL,NULL,NULL,'Dell OptiPlex 3020 \n',NULL,NULL,NULL,4,'B363F02','24136241330','DESKTOP','DELL Optiplex 3020','Windows 7 64Bit','Core i5','8 GB','500 GB','AMD FirePro 2 G','WEIPCB363F02',0,NULL,NULL,'','','','',0),(300,'1542',9,'Latitude E4300',NULL,NULL,NULL,0,0,NULL,NULL,NULL,NULL,NULL,1,NULL,NULL,NULL,NULL,'Latitude E4300\n',NULL,NULL,NULL,4,'BRV642S','25629545764','Laptop','Latitude E4300','Windows 7 Pro 64bit','Intel Centrino','4 GB','500GB','','WESS-MIS2-NB',0,NULL,NULL,'HK9Y3-HBX9H-97MKW-XPYT3-32JHK ','YBM3C-89JBX-Y8KPH-9RPMD-RWWCQ','','tushar',0);
/*!40000 ALTER TABLE `items` ENABLE KEYS */;
UNLOCK TABLES;

--
-- Table structure for table `items_software`
--

DROP TABLE IF EXISTS `items_software`;
/*!40101 SET @saved_cs_client     = @@character_set_client */;
/*!40101 SET character_set_client = utf8 */;
CREATE TABLE `items_software` (
  `software_id` int(11) NOT NULL AUTO_INCREMENT,
  `software_name` varchar(45) DEFAULT NULL,
  `software_description` varchar(255) DEFAULT NULL,
  `borrow_id` varchar(45) DEFAULT NULL,
  PRIMARY KEY (`software_id`)
) ENGINE=InnoDB AUTO_INCREMENT=198 DEFAULT CHARSET=latin1;
/*!40101 SET character_set_client = @saved_cs_client */;

--
-- Dumping data for table `items_software`
--

LOCK TABLES `items_software` WRITE;
/*!40000 ALTER TABLE `items_software` DISABLE KEYS */;
INSERT INTO `items_software` VALUES (1,'','','1'),(2,'','','2'),(3,'','','3'),(4,'','','4'),(5,'','','5'),(6,'','','6'),(7,'','','7'),(8,'','','8'),(9,'','','9'),(10,'','','10'),(11,'','','11'),(12,'','','12'),(13,'','','13'),(14,'','','14'),(15,'','','15'),(16,'','','16'),(17,'','','17'),(18,'','','18'),(19,'','','19'),(20,'','','20'),(21,'','','21'),(22,'','','22'),(23,'','','23'),(24,'','','24'),(25,'','','25'),(26,'','','26'),(27,'','','27'),(28,'','','28'),(29,'','','29'),(30,'','','30'),(31,'','','31'),(32,'','','32'),(33,'','','33'),(34,'','','34'),(35,'','','35'),(36,'','','36'),(37,'','','37'),(38,'','','38'),(39,'','','39'),(40,'','','40'),(41,'','','41'),(42,'','','42'),(43,'','','43'),(44,'','','44'),(45,'','','45'),(46,'','','46'),(47,'','','47'),(48,'','','48'),(49,'','','49'),(50,'','','50'),(51,'','','51'),(52,'','','52'),(53,'','','53'),(54,'','','54'),(55,'','','55'),(56,'','','56'),(57,'','','57'),(58,'','','58'),(59,'','','59'),(60,'','','60'),(61,'','','61'),(62,'','','62'),(63,'','','63'),(64,'','','64'),(65,'','','65'),(66,'','','66'),(67,'','','67'),(68,'','','68'),(69,'','','69'),(70,'','','70'),(71,'','','71'),(72,'','','72'),(73,'','','73'),(74,'','','74'),(75,'','','75'),(76,'','','76'),(77,'','','77'),(78,'','','78'),(79,'','','79'),(80,'','','80'),(81,'','','81'),(82,'','','82'),(83,'','','83'),(84,'','','84'),(85,'','','85'),(86,'','','86'),(87,'','','87'),(88,'','','88'),(89,'','','89'),(90,'','','90'),(91,'','','91'),(92,'','','92'),(93,'','','93'),(94,'','','94'),(95,'','','95'),(96,'','','96'),(97,'','','97'),(98,'','','98'),(99,'','','99'),(100,'','','100'),(101,'','','101'),(102,'','','102'),(103,'','','103'),(104,'','','104'),(105,'','','105'),(106,'','','106'),(107,'','','107'),(108,'','','108'),(109,'','','109'),(110,'','','110'),(111,'Microsoft Office','Microsoft Office','111'),(112,'Autocad 2014','Autocad 2014','111'),(113,'Cadwork 2014','Cadwork 2014','111'),(114,'Microsoft Office','Microsoft Office','112'),(115,'Autocad 2017','Autocad 2014','112'),(116,'Microsoft Office','Microsoft Office','113'),(117,'Adobe Reader','Adobe Reader','113'),(118,'Microsoft Office','Microsoft Office','114'),(119,'Adobe Reader','Adobe Reader','114'),(120,'','','115'),(121,'','','116'),(122,'Microsoft Office 2010','V7QKV-4XVVR-XYV4D-F7DFM-8R6BM','117'),(123,'Microsoft Office 2010','V7QKV-4XVVR-XYV4D-F7DFM-8R6BM','118'),(124,'Microsoft Office 2010','2RQ6Y-H2YT3-4WW7R-8QMX4-TKVKV','119'),(125,'AutoCAD 2017','398 - 21961317 / 001I1','119'),(126,'Autodesk Building Design Suite Premium 2017','398-12343667','118'),(127,'Microsoft Office 2010','VYBBJ-TRJPB-QFQRF-QFT4D-H3GVB','120'),(128,'Autodesk AutoCAD 2016 standalone ','563-57240719','120'),(129,'Microsoft Office 2010','-','121'),(130,'Autodesk Plant Design Suite Ultimate SLM 2015','545-12534113 PK : 764G1','121'),(132,'Microsoft Office 2010','Microsoft Office 2010','122'),(133,'Microsoft Office 2010','-','123'),(134,'Microsoft Office 2010','-','124'),(135,'AutoCAD 2017',' 397 - 58587851','124'),(136,'Microsoft Office 2010','-','125'),(137,'Microsoft Office 2010','-','126'),(138,'AutoCAD 2017','397 - 59446795 / 001I1','126'),(139,'Microsoft Office 2010','V7QKV-4XVVR-XYV4D-F7DFM-8R6BM','127'),(140,'','','128'),(141,'Microsoft Office 2010','-','129'),(142,'Microsoft Office 2010','V7QKV-4XVVR-XYV4D-F7DFM-8R6BM','130'),(143,'Microsoft Office 2010','V7QKV-4XVVR-XYV4D-F7DFM-8R6BM','131'),(144,'Microsoft Office 2010','-','132'),(145,'Microsoft Office 2010','V7QKV-4XVVR-XYV4D-F7DFM-8R6BM','133'),(146,'Autocad 2017','397 - 59446795 / 001I1','133'),(147,'Microsoft Office 2010','-','134'),(148,'','','135'),(149,'Microsoft Office 2010','2RQ6Y-H2YT3-4WW7R-8QMX4-TKVKV','136'),(150,'Microsoft Office 2010','V7QKV-4XVVR-XYV4D-F7DFM-8R6BM','137'),(151,'Adobe Acrobat Standart XI','1016-1143-4663-9914-1557-3945','137'),(152,'Microsoft Office 2010','-','138'),(153,'Microsoft Office 2010','-','139'),(154,'AVEVA','-','139'),(155,'Microsoft Office 2010','-','140'),(156,'Microsoft Office 2010','-','141'),(157,'AVEVA','-','141'),(158,'Microsoft Office 2010','V7QKV-4XVVR-XYV4D-F7DFM-8R6BM','142'),(159,'Autocad 2014','394-71575145/001F1','142'),(160,'Adobe Acrobar XI STD','1016-1143-4663-9914-1557-3945','142'),(161,'Microsoft Office 2010','V7QKV-4XVVR-XYV4D-F7DFM-8R6BM','143'),(162,'Microsoft Office 2010','V7QKV-4XVVR-XYV4D-F7DFM-8R6BM','144'),(163,'Autocad 2015','394-71575145 PK : 001G1','144'),(164,'Microsoft Office 2010','2RQ6Y-H2YT3-4WW7R-8QMX4-TKVKV','145'),(165,'Microsoft Office 2010','V7QKV-4XVVR-XYV4D-F7DFM-8R6BM','146'),(166,'Autocad 2016',' 563-57240719','146'),(167,'Microsoft Office 2010','-','147'),(168,'Microsoft Office 2010','-','148'),(169,'Autocad 2017','398-21849469','148'),(170,'','','149'),(171,'Microsoft Office 2010','-','150'),(172,'','','151'),(173,'Microsoft Office 2010','-','152'),(174,'','','153'),(175,'','','154'),(176,'','','155'),(177,'','','156'),(178,'Microsoft Office 2010','-','157'),(179,'Microsoft Office 2010','-','158'),(180,'Microsoft Office 2010','-','159'),(181,'Microsoft Office 2010','2RQ6Y-H2YT3-4WW7R-8QMX4-TKVKV','160'),(182,'Aurtocad 2017 Network License','397 - 59446696','160'),(183,'Microsoft Office 2010','V7QKV-4XVVR-XYV4D-F7DFM-8R6BM','161'),(184,'Autodesk AutoCAD 2014','393-53043224  PK : 001G1','161'),(185,'Microsoft Office 2010','-','162'),(186,'Autodesk Building Design Suite Ultimate 2015','545-12534608 PK : 766G1','162'),(187,'Microsoft Office 2010','-','163'),(188,'Microsoft Office 2010','-','164'),(189,'Autodesk AutoCAD 2014','388-25909392 PK : 001F1','164'),(190,'Microsoft Office 2010','2RQ6Y-H2YT3-4WW7R-8QMX4-TKVKV','165'),(191,'Microsoft Office 2010','MFK7Q-9RXBH-RDW8D-4C6FX-D6CBQ','166'),(192,'Primavera P6','-','166'),(193,'Autocad 2016','563-57240719','167'),(194,'','','168'),(195,'','','169'),(196,'','','170'),(197,'Adobe Photoshop','Mantap Jiwa','171');
/*!40000 ALTER TABLE `items_software` ENABLE KEYS */;
UNLOCK TABLES;

--
-- Table structure for table `project`
--

DROP TABLE IF EXISTS `project`;
/*!40101 SET @saved_cs_client     = @@character_set_client */;
/*!40101 SET character_set_client = utf8 */;
CREATE TABLE `project` (
  `project_id` bigint(10) NOT NULL AUTO_INCREMENT,
  `project_uid` varchar(50) DEFAULT NULL,
  `project_name` varchar(255) DEFAULT NULL,
  PRIMARY KEY (`project_id`)
) ENGINE=InnoDB AUTO_INCREMENT=25 DEFAULT CHARSET=latin1;
/*!40101 SET character_set_client = @saved_cs_client */;

--
-- Dumping data for table `project`
--

LOCK TABLES `project` WRITE;
/*!40000 ALTER TABLE `project` DISABLE KEYS */;
INSERT INTO `project` VALUES (1,'yiLUpy9BfY','WASCO INDONESIA'),(2,'EXYlKXb1Pw','ALL PROJECT'),(3,'w9o5Syyofb','WARTSILA'),(4,'4elWqbo0g9','MV27'),(5,'Wt17L2jfqY','KAOMBO'),(6,'TTUNjeT9ul','YINSON'),(7,'iXgyx0iX4w','TOTAL KAOMBO'),(8,'Z1szFMQkIb','MOHO NORD'),(9,'RMLJcVgp2X','CAIRN'),(10,'YwH4myT8AU','MOHO'),(11,'nj6qW476gy','OFFICE'),(12,'1LMC22NIBI','TEN MODULE'),(13,'cdX0nHqTUC','TEN E HOUSE'),(14,'b8ll6Ihjnl','VWS'),(15,'827euAKWDp','VEOLIA'),(16,'pIeYmQ78aU','JANGKRIK'),(17,'NJK6qsEbl3','Schneider TCO Gathering (17 units)'),(18,'dOnQddsqhy','BLNG Project'),(19,'qpFujJx8uc','Siemens TCO Area - Early Eng'),(20,'NrVqhfrG0g','Siemens TCO Area - Early Eng'),(21,'qjNF9Qq9m3','Schneider TCO 1 (4 units) - Common'),(22,'k66VY8ajuY','BWO'),(23,'9MxH3aISPt','SIEMENS'),(24,'Xdcw3KDKYl','Prosafe-Azurite Redeployment-Ruche-PTWEI');
/*!40000 ALTER TABLE `project` ENABLE KEYS */;
UNLOCK TABLES;

--
-- Table structure for table `settings`
--

DROP TABLE IF EXISTS `settings`;
/*!40101 SET @saved_cs_client     = @@character_set_client */;
/*!40101 SET character_set_client = utf8 */;
CREATE TABLE `settings` (
  `settings_id` int(5) NOT NULL AUTO_INCREMENT,
  `brand_name` varchar(100) NOT NULL,
  `alert_email` varchar(150) NOT NULL,
  `alert_on` int(1) NOT NULL DEFAULT '1' COMMENT '1=''yes''. 0=''no''',
  `address` varchar(200) NOT NULL,
  `phone` varchar(100) NOT NULL,
  PRIMARY KEY (`settings_id`)
) ENGINE=InnoDB AUTO_INCREMENT=2 DEFAULT CHARSET=latin1;
/*!40101 SET character_set_client = @saved_cs_client */;

--
-- Dumping data for table `settings`
--

LOCK TABLES `settings` WRITE;
/*!40000 ALTER TABLE `settings` DISABLE KEYS */;
INSERT INTO `settings` VALUES (1,'PT Wasco Energy Indonesia','wahyu.maulana@wascoenergy.com',1,'','');
/*!40000 ALTER TABLE `settings` ENABLE KEYS */;
UNLOCK TABLES;

--
-- Table structure for table `supplier`
--

DROP TABLE IF EXISTS `supplier`;
/*!40101 SET @saved_cs_client     = @@character_set_client */;
/*!40101 SET character_set_client = utf8 */;
CREATE TABLE `supplier` (
  `supplier_id` int(5) NOT NULL AUTO_INCREMENT,
  `supplier_name` varchar(150) NOT NULL,
  `supplier_address` varchar(200) NOT NULL,
  `supplier_phone` varchar(100) NOT NULL,
  `supplier_email` varchar(100) NOT NULL,
  `supplier_key_person` varchar(100) NOT NULL,
  PRIMARY KEY (`supplier_id`)
) ENGINE=InnoDB AUTO_INCREMENT=5 DEFAULT CHARSET=utf8;
/*!40101 SET character_set_client = @saved_cs_client */;

--
-- Dumping data for table `supplier`
--

LOCK TABLES `supplier` WRITE;
/*!40000 ALTER TABLE `supplier` DISABLE KEYS */;
INSERT INTO `supplier` VALUES (4,'WASCO','','0778396212','misnawati.purba@wascoenergy.com','WASCO');
/*!40000 ALTER TABLE `supplier` ENABLE KEYS */;
UNLOCK TABLES;

--
-- Table structure for table `tbl_measurement`
--

DROP TABLE IF EXISTS `tbl_measurement`;
/*!40101 SET @saved_cs_client     = @@character_set_client */;
/*!40101 SET character_set_client = utf8 */;
CREATE TABLE `tbl_measurement` (
  `measurement_id` int(11) NOT NULL AUTO_INCREMENT,
  `measurement` varchar(45) DEFAULT NULL,
  PRIMARY KEY (`measurement_id`)
) ENGINE=InnoDB AUTO_INCREMENT=5 DEFAULT CHARSET=latin1;
/*!40101 SET character_set_client = @saved_cs_client */;

--
-- Dumping data for table `tbl_measurement`
--

LOCK TABLES `tbl_measurement` WRITE;
/*!40000 ALTER TABLE `tbl_measurement` DISABLE KEYS */;
INSERT INTO `tbl_measurement` VALUES (4,'Unit');
/*!40000 ALTER TABLE `tbl_measurement` ENABLE KEYS */;
UNLOCK TABLES;

--
-- Table structure for table `user`
--

DROP TABLE IF EXISTS `user`;
/*!40101 SET @saved_cs_client     = @@character_set_client */;
/*!40101 SET character_set_client = utf8 */;
CREATE TABLE `user` (
  `user_id` int(5) NOT NULL AUTO_INCREMENT,
  `user_email` varchar(100) NOT NULL,
  `user_full_name` varchar(100) NOT NULL,
  `user_phone` varchar(100) NOT NULL,
  `user_address` varchar(250) NOT NULL,
  `password` varchar(40) NOT NULL,
  `user_role` int(1) NOT NULL DEFAULT '0' COMMENT '0=user,1=admin',
  `ldap` int(2) DEFAULT '0',
  PRIMARY KEY (`user_id`)
) ENGINE=InnoDB AUTO_INCREMENT=7 DEFAULT CHARSET=utf8;
/*!40101 SET character_set_client = @saved_cs_client */;

--
-- Dumping data for table `user`
--

LOCK TABLES `user` WRITE;
/*!40000 ALTER TABLE `user` DISABLE KEYS */;
INSERT INTO `user` VALUES (1,'admin@wascoenergy.com','Super Admin','','','7c4a8d09ca3762af61e59520943dc26494f8941b',1,0),(2,'fitriani.f@wascoenergy.com','Fitriani','','','7c4a8d09ca3762af61e59520943dc26494f8941b',1,0),(3,'misnawati.purba@wascoenergy.com','misnawati','','','199d6bddb646eadd5bc53965118953f8e3cbbb7d',1,0),(5,'mustafa.m@wascoenergy.com','Mustafa','','','89c1f163e631bb3297e51a82468e5b797627e2f8',1,0),(6,'wahyu.maulana@wascoenergy.com','Wahyu Maulana','081322714144','','e1a279ad9e70ef90333660634a0f8da98f415804',1,0);
/*!40000 ALTER TABLE `user` ENABLE KEYS */;
UNLOCK TABLES;

--
-- Table structure for table `warehouse`
--

DROP TABLE IF EXISTS `warehouse`;
/*!40101 SET @saved_cs_client     = @@character_set_client */;
/*!40101 SET character_set_client = utf8 */;
CREATE TABLE `warehouse` (
  `warehouse_id` int(5) NOT NULL AUTO_INCREMENT,
  `warehouse_name` varchar(150) NOT NULL,
  `warehouse_address` varchar(200) NOT NULL,
  `warehouse_phone` varchar(100) NOT NULL,
  `warehouse_email` varchar(100) NOT NULL,
  `warehouse_incharge` varchar(100) NOT NULL,
  PRIMARY KEY (`warehouse_id`)
) ENGINE=InnoDB AUTO_INCREMENT=4 DEFAULT CHARSET=utf8;
/*!40101 SET character_set_client = @saved_cs_client */;

--
-- Dumping data for table `warehouse`
--

LOCK TABLES `warehouse` WRITE;
/*!40000 ALTER TABLE `warehouse` DISABLE KEYS */;
INSERT INTO `warehouse` VALUES (3,'IT Warehouse','','','','Wahyu Maulana');
/*!40000 ALTER TABLE `warehouse` ENABLE KEYS */;
UNLOCK TABLES;
/*!40103 SET TIME_ZONE=@OLD_TIME_ZONE */;

/*!40101 SET SQL_MODE=@OLD_SQL_MODE */;
/*!40014 SET FOREIGN_KEY_CHECKS=@OLD_FOREIGN_KEY_CHECKS */;
/*!40014 SET UNIQUE_CHECKS=@OLD_UNIQUE_CHECKS */;
/*!40101 SET CHARACTER_SET_CLIENT=@OLD_CHARACTER_SET_CLIENT */;
/*!40101 SET CHARACTER_SET_RESULTS=@OLD_CHARACTER_SET_RESULTS */;
/*!40101 SET COLLATION_CONNECTION=@OLD_COLLATION_CONNECTION */;
/*!40111 SET SQL_NOTES=@OLD_SQL_NOTES */;

-- Dump completed on 2018-05-22 15:00:02
